,,,,,,,,,,,,,,,
,,,,,,,,,,,,,,,
,,,,,,,,,,,,,,,
"Overlapping Stunting, Wasting, Overweight - Survey Estimates",,,,,,,,,,,,,,,
,,,,,,,,,,,,,,,
,,,,,,,,,,,,,,,
,ISO,Countries and areas,UNICEF Regions,Survey Years, Year ,Short Source,Full Source,Latest Estimate,Estimate Type,Wasted Only,Wasted and Stunted,Stunted Only,Stunted and Overweight,Overweight Only,"Free from Wasting, Overweight, Stunting"
,,,,,,,,,,(WHZ <-2 AND HAZ ?-2),(WHZ <-2 AND HAZ <-2),HAZ<-2 AND WHZ?-2 AND WHZ ?+2,WHZ > +2 AND HAZ ?-2,WHZ > +2 AND HAZ ?-2,WHZ?-2 AND WHZ ?+2 AND HAZ ?-2
UNICEF_Survey_ID,ISO3Code,CountryName,UNICEF_Reporting_Sub_Region,DataSourceYears, CMRS_year ,DataSourceTypeGlobal,FullSourceTitle,Latest_Estimate,Estimate_Type,ANT_WHZ_NE2_ONLY_r,ANT_HAZWHZ_NE2_NE2_r,ANT_HAZ_NE2_ONLY_r,ANT_HAZWHZ_NE2_PO2_r,ANT_WHZ_PO2_ONLY_r,ANT_FREE_r
3, AFG , Afghanistan , SA ,2013,2013,NNS,Afghanistan National Nutrition Survey 2013, Historical Trend , Reanalyzed ,6.4,3.2,33.8,3.4,1.9,51.3
3076, AFG , Afghanistan , SA ,2018,2018,Other,Afghanistan Health Survey 2018, Historical Trend , Reanalyzed ,3.5,1.6,34.3,2.3,1.8,56.5
9008, AFG , Afghanistan , SA ,2022-23,2022,MICS,"Afghanistan Multiple Indicator Cluster Survey 2022-23, Survey Findings Report", Latest Estimate , Reanalyzed ,2.3,1.3,40.9,2.4,2.1,50.9
6, ALB , Albania , EECA ,2005,2005,MICS,"Albania multiple indicator cluster survey 2005, final report. Tirana, Albania: Albanian National Institute of Statistics, 2008", Historical Trend , Reanalyzed ,6.6,0.7,13.8,12.2,12.6,54.1
7, ALB , Albania , EECA ,2008-09,2009,DHS,"Albania demographic and health survey 2008-09. Demographic and Health Surveys. Tirana, Albania: Institute of Statistics, Institute of Public Health and ICF Macro, 2010", Historical Trend , Reanalyzed ,9.2,0.4,12.6,10.2,13.0,54.6
2606, ALB , Albania , EECA ,2017-18,2017,DHS,"Albania Demographic and Health Survey 2017-18. Tirana, Albania: Institute of Statistics, Institute of Public Health, and ICF", Latest Estimate , Reanalyzed ,1.5,0.1,7.3,4.0,12.4,74.8
9, DZA , Algeria , MENA ,1992,1992,PAPFAM,"Enquête Algérienne sur la santé de la mère et de l'enfant. Office national des statistiques. PAPCHILD surveys. Cairo: Ligue des Etats Arabes, 1992", Historical Trend , Reanalyzed ,6.4,0.7,18.1,4.2,4.5,66.1
10, DZA , Algeria , MENA ,1995,1995,MICS,"Enquête nationale sur les objectifs de la mi-decennie, ""MDG Algerie"", 1995. Alger, Algerie, 1996", Historical Trend , Reanalyzed ,8.8,0.8,15.3,6.4,6.9,61.8
11, DZA , Algeria , MENA ,2000,2000,MICS,"Enquête nationale sur les objectives de la fin décennie santé mère et enfant EDG Algérie 2000 (MICS). Institut National de Santé Publique. République Algérienne Démocratique et Populaire, 2001", Historical Trend , Reanalyzed ,2.6,0.5,16.6,6.5,8.2,65.6
12, DZA , Algeria , MENA ,2002,2002,PAPFAM,"Enquête Algérienne sur la santé de la famille-2002: Rapport principal. Alger, Algérie: Agence Nationale de la Documentation en Santé, 2004", Historical Trend , Reanalyzed ,8.4,1.2,15.9,6.9,8.2,59.4
13, DZA , Algeria , MENA ,2006,2006,MICS,"Suivi de la situation des enfant et des femmes. Enquête nationale à indicateurs multiples: Rapport principal. MICS3. République Algérienne Démocratique et Populaire, Décembre 2008", Historical Trend , Reanalyzed ,3.7,0.4,11.1,4.0,8.9,71.9
14, DZA , Algeria , MENA ,2012-13,2012,MICS,"République Algérienne Démocratiqe et Populaire enquête par grappes à indicateurs mulitples (MICS) 2012-2013. Rapport final. Ministère de la Santé, de la Population et de la Réforme Hospitalière, 2015.", Historical Trend , Reanalyzed ,3.9,0.3,7.9,3.6,8.8,75.6
2281, DZA , Algeria , MENA ,2018-19,2019,MICS,Enquête par grappes à indicateurs multiples [MICS] 2019, Latest Estimate , Reanalyzed ,2.5,0.2,6.8,2.8,9.9,77.7
15, AGO , Angola , ESA ,1996,1996,MICS,"Inquerito de indicadores multiplos (MICS) 1996. Luanda, Angola, 1999", Historical Trend , Reanalyzed ,2.8,4.8,55.3,1.0,0.8,35.3
826, AGO , Angola , ESA ,2015-16,2015,DHS,"Inquérito de Indicadores Múltiplos e de Saúde em Angola 2015-2016. Luanda, Angola e Rockville, Maryland, EUA: INE, MINSA, MINPLAN e ICF International.", Latest Estimate , Reanalyzed ,2.9,2.0,34.1,1.4,2.0,57.6
19, ARG , Argentina , LAC ,2004-05,2005,Other,"Encuesta Nacional de Nutricion y Salud, Argentina 2004-2005", Historical Trend , Reanalyzed ,1.2,0.3,6.2,0.6,8.4,83.2
3833, ARG , Argentina , LAC ,2018-19,2018,Other,"Segunda Encuesta Nacional de Nutricion y Salud, Argentina 2018-2019", Latest Estimate , Reanalyzed ,1.6,0.1,7.0,1.6,10.8,78.9
20, ARM , Armenia , EECA ,1998,1998,Other,"Armenia Health and Nutritional Status of Children and Women 1998. Rome, Italy: National Institute for Research on Food and Nutrition (INRAN) (Italy), 1998.", Historical Trend , Reanalyzed ,3.2,0.1,9.9,5.2,5.6,76.0
21, ARM , Armenia , EECA ,2000,2000,DHS,"Armenia demographic and health survey 2000. Demographic and Health Surveys. Calverton, Maryland: National Statistical Service, Ministry of Health, and ORC Macro, 2001", Historical Trend , Reanalyzed ,2.4,0.2,12.7,4.5,11.2,69.1
22, ARM , Armenia , EECA ,2005,2005,DHS,"Armenia demographic and health survey 2005. Demographic and Health Surveys. Calverton, Maryland: National Statistical Service, Ministry of Health, and ORC Macro, 2006", Historical Trend , Reanalyzed ,4.8,0.5,13.1,4.3,7.1,70.2
23, ARM , Armenia , EECA ,2010,2010,DHS,"Armenia demographic and health survey 2010. Demographic and Health Surveys. Calverton, Maryland: National Statistical Service, Ministry of Health, and ICF International, 2012", Historical Trend , Reanalyzed ,3.9,0.2,13.1,7.5,9.0,66.3
792, ARM , Armenia , EECA ,2015-16,2016,DHS,"Armenia Demographic and Health Survey 2015-16. Rockville, Maryland, USA: National Statistical Service, Ministry of Health, and ICF", Latest Estimate , Reanalyzed ,4.2,0.2,5.8,3.3,10.4,76.0
25, AUS , Australia , EAP ,2007,2007,Other,"The 2007 national children's nutrition and physical activity survey. Canberra, Australia: DoHA, 2010 ", Latest Estimate , Reanalyzed ,0.0,0.0,1.9,0.0,8.0,90.1
27, AZE , Azerbaijan , EECA ,2000,2000,MICS,"Azerbaijan multiple indicator cluster survey 2000 (MICS). Baku, Azerbaijan: United Nations Children's Fund, 2001.", Historical Trend , Reanalyzed ,6.3,2.7,18.9,2.6,3.7,65.9
29, AZE , Azerbaijan , EECA ,2006,2006,DHS,"Azerbaijan Demographic and Health Survey 2006. Demographic and Health Surveys. Calverton, Maryland, USA: State Statistical Committee and Macro International Inc., 2008 ", Historical Trend , Reanalyzed ,5.9,0.8,16.5,9.2,4.6,62.9
30, AZE , Azerbaijan , EECA ,2013,2013,NNS,"Azerbaijan nutrition survey  (AzNS), 2013. Baku, Republic of Azerbaijan, 2014.", Historical Trend , Reanalyzed ,2.9,0.3,11.6,5.9,8.2,71.2
9210, AZE , Azerbaijan , EECA ,2023,2023,MICS,The Republic of Azerbaijan Multiple Indicator Cluster Survey 2023, Latest Estimate , Reanalyzed ,3.3,0.2,6.0,0.3,3.7,86.5
41, BGD , Bangladesh , SA ,1996-97,1997,DHS,"Bangladesh demographic and health survey 1996-97. Demographic and Health Surveys. National Institute for Population Research and Training. Dhaka, Bangladesh, 1997", Historical Trend , Reanalyzed ,9.3,11.5,46.8,1.3,1.1,30.1
44, BGD , Bangladesh , SA ,1999-00,2000,DHS,"Bangladesh demographic and health survey 1999-2000 (DHS). Dhaka, Bangladesh and Calverton, Maryland: National Institute of Population Research and Training, Mitra and Associates, and ORC Macro, 2001", Historical Trend , Reanalyzed ,5.9,6.6,44.1,0.5,0.5,42.5
48, BGD , Bangladesh , SA ,2004,2004,DHS,"Bangladesh demographic and health survey 2004. Demographic and Health Surveys. Dhaka, Bangladesh and Calverton, Maryland [USA]: NIPORT, Mitra and Associates, and ORC Macro, 2005", Historical Trend , Reanalyzed ,6.8,7.9,42.1,0.5,0.4,42.3
51, BGD , Bangladesh , SA ,2007,2007,DHS,"Bangladesh demographic and health survey 2007. DHS. Dhaka, Bangladesh and Calverton, Maryland, USA: National Institute of Population Research and Training, Mitra and Associates, and Macro International, 2009", Historical Trend , Reanalyzed ,9.2,8.2,34.6,0.4,0.7,46.8
52, BGD , Bangladesh , SA ,2011,2011,DHS,"Bangladesh demographic and health survey 2011. Demographic and Health Surveys. Dhaka, Bangladesh and Calverton, Maryland, USA: NIPORT, Mitra and Associates, and ICF International, 2013", Historical Trend , Reanalyzed ,8.6,7.1,33.4,0.8,1.1,49.0
53, BGD , Bangladesh , SA ,2012-13,2013,MICS,"Bangladesh 2012-13 multiple indicator cluster survey. Final Report. Dhaka, Bangladesh: Bangladesh Bureau of Statistics and UNICEF Bangladesh, 2014.", Historical Trend , Reanalyzed ,5.1,4.6,36.7,0.7,0.8,52.1
55, BGD , Bangladesh , SA ,2014,2014,DHS,"Bangladesh Demographic and Health Survey 2014. Dhaka, Bangladesh, and Rockville, Maryland, USA: NIPORT, Mitra and Associates, and ICF International. 2016", Historical Trend , Reanalyzed ,9.0,5.3,30.1,0.7,0.9,53.9
3740, BGD , Bangladesh , SA ,2017-18,2018,DHS,"Bangladesh Demographic and Health Survey 2017-18. Dhaka, Bangladesh, and Rockville, Maryland, USA: NIPORT and ICF", Historical Trend , Reanalyzed ,5.6,2.8,27.6,0.5,1.6,61.8
3578, BGD , Bangladesh , SA ,2019,2019,MICS,"Bangladesh Multiple Indicator Cluster Survey 2019, Survey Findings Report. Dhaka, Bangladesh: Bangladesh Bureau of Statistics (BBS)", Historical Trend , Reanalyzed ,6.6,3.3,23.6,1.1,1.3,64.1
8987, BGD , Bangladesh , SA ,2022,2022,DHS,Bangladesh Demographic Health Survey 2022, Latest Estimate , Reanalyzed ,7.4,3.3,19.8,0.5,1.1,68.0
56, BRB , Barbados , LAC ,2012,2012,MICS,"Barbados multiple indicator cluster survey 2012: Final report (MICS4). Bridgetown, Barbados: BSS, 2014.", Latest Estimate , Reanalyzed ,5.7,1.0,4.9,1.8,10.5,76.1
57, BLR , Belarus , EECA ,2005,2005,MICS,"Belarus multiple indicator cluster survey 2005, final report. Minsk, Republic of Belarus: Ministry of Statistics and Analysis [Belarus] and Research Institute of Statistics of the MSA [Belarus], 2007", Latest Estimate , Reanalyzed ,1.9,0.3,3.2,1.0,8.8,84.9
1228, BEL , Belgium , WE ,2014-15,2014,Other,Enquete de la Consummation Alimentaire 2014-15, Latest Estimate , Reanalyzed ,0.4,0.0,1.2,0.4,3.5,94.5
59, BLZ , Belize , LAC ,2006,2006,MICS,"Multiple indicator cluster survey Belize, 2006. UNICEF", Historical Trend , Reanalyzed ,1.6,0.3,18.6,3.1,10.5,65.9
60, BLZ , Belize , LAC ,2011,2011,MICS,"Belize multiple indicator cluster survey 2011 (MICS). Belize city, Belize: SIB and UNICEF, 2012", Historical Trend , Reanalyzed ,2.8,0.5,16.7,2.2,5.7,72.2
794, BLZ , Belize , LAC ,2015-16,2015,MICS,"Belize Multiple Indicator Cluster Survey, 2015-2016, Final Report. Belmopan, Belize: Statistical Institute of Belize and UNICEF Belize.", Latest Estimate , Reanalyzed ,1.7,0.1,14.2,0.6,6.7,76.7
61, BEN , Benin , WCA ,1996,1996,DHS,"Enquête démographique et de santé 1996. Demographic and Health Surveys. Ministère du Plan, de la Restructuration Economique et de la Promotion de l'Emploi. Cotonou, Benin, 1997", Historical Trend , Reanalyzed ,12.6,4.8,26.4,1.2,1.2,53.8
62, BEN , Benin , WCA ,2001,2001,DHS,"Enquête démographique et de santé au Bénin 2001. Demographic and Health Surveys. Calverton, Maryland, USA: Institut National de la Statistique et de l'Analyse Economique et ORC Macro, 2002", Historical Trend , Reanalyzed ,6.6,2.4,32.5,1.2,1.8,55.4
864, BEN , Benin , WCA ,2008,2008,CFSVA,"Analyse Globale de la Vulnérabilité, de la Sécurité Alimentaire et de la Nutrition (AGVSAN) 2008", Historical Trend , Reanalyzed ,2.8,2.2,34.6,0.6,0.9,58.9
64, BEN , Benin , WCA ,2014,2014,MICS,"Enquête par grappes à indicateurs multiples 2014, Rapport  final , Cotonou, Bénin : Institut national de la statistique et de l’analyse économique", Historical Trend , Reanalyzed ,2.6,1.9,31.4,0.7,1.0,62.4
2406, BEN , Benin , WCA ,2017-18,2018,DHS," Enquête Démographique et de Santé au Bénin, 2017-2018. Cotonou, Bénin et Rockville, Maryland, USA : INSAE et ICF", Historical Trend , Reanalyzed ,3.0,1.9,29.6,0.6,1.2,63.6
4425, BEN , Benin , WCA ,2021,2021,MICS,"Enquête par Grappes à Indicateurs Multiples, Bénin, 2021-2022, Rapport des résultats de l’enquête", Latest Estimate , Reanalyzed ,5.5,2.8,29.9,1.4,1.5,58.9
66, BTN , Bhutan , SA ,1999,1999,NNS,"National anthropometric survey of under five children in Bhutan. Division of Health Services. Thimpu, Bhutan, 1999 ", Historical Trend , Reanalyzed ,1.3,1.2,44.8,1.7,2.2,48.8
67, BTN , Bhutan , SA ,2008,2008,NNS,"National Nutrition, Infant & Young Child Feeding Survey 2008. Thimphu, Bhutan: Ministry of Health and UN.", Historical Trend , Reanalyzed ,4.0,0.5,32.0,2.4,3.0,58.2
68, BTN , Bhutan , SA ,2010,2010,MICS,"Bhutan multiple indicator cluster survey (BMIS) 2010. Thimphu, Bhutan: NSB, May 2011", Latest Estimate , Reanalyzed ,4.6,1.3,27.7,4.6,3.0,58.9
70, BOL , Bolivia (Plurinational State of) , LAC ,1989,1989,DHS,"Encuesta nacional de demografia y salud 1989. Demographic and Health Surveys. La Paz, Bolivia, 1990 ", Historical Trend , Reanalyzed ,1.4,0.8,36.8,4.3,3.6,53.2
74, BOL , Bolivia (Plurinational State of) , LAC ,1993-94,1994,DHS,"Encuesta nacional de demografia y salud 1994. Demographic and Health Surveys. La Paz, Bolivia, 1994", Historical Trend , Reanalyzed ,3.7,1.8,29.0,3.6,4.5,57.5
75, BOL , Bolivia (Plurinational State of) , LAC ,1998,1998,DHS,"Encuesta nacional de demografia y salud 1998. Demographic and Health Surveys. La Paz, Bolivia, 1998", Historical Trend , Reanalyzed ,1.2,0.5,28.2,4.6,6.1,59.5
76, BOL , Bolivia (Plurinational State of) , LAC ,2003-04,2003,DHS,"Encuesta nacional de demografia y salud (ENDSA) 2003. Demographic and Health Surveys. La Paz, Bolivia: Instituto Nacional de Estadistica, Ministerio de Salud y Deportes, Programa Measure DHS+/ORC Macro, 2004", Historical Trend , Reanalyzed ,1.3,0.4,28.3,3.7,5.5,60.7
77, BOL , Bolivia (Plurinational State of) , LAC ,2008,2008,DHS,"Encuesta nacional de demografía y salud ENDSA 2008. Demographic and Health Surveys. La Paz, Bolivia: MSD, PRS, INE y Macro International, 2009", Historical Trend , Reanalyzed ,1.0,0.4,24.2,2.5,6.1,65.7
78, BOL , Bolivia (Plurinational State of) , LAC ,2012,2012,Other,Encuesta de Evaluación de Salud y Nutrición 2012: Informe de Resultados, Historical Trend , Reanalyzed ,1.1,0.5,16.4,1.4,6.0,74.7
1635, BOL , Bolivia (Plurinational State of) , LAC ,2016,2016,DHS-Style,Bolivia Encuesta de Demografia y Salud - EDSA 2016: Indicadores Priorizados, Latest Estimate , Reanalyzed ,1.7,0.3,13.7,2.2,8.0,74.2
79, BIH , Bosnia and Herzegovina , EECA ,2000,2000,MICS,"Household survey of women and children: Bosnia and Herzegovina 2000 (B&H MICS 2000): Draft final report, May 29, 2002. Sarajevo, Bosnia and Herzegovina: UNICEF, 2002", Historical Trend , Reanalyzed ,7.0,0.4,6.9,4.9,11.4,69.4
80, BIH , Bosnia and Herzegovina , EECA ,2006,2006,MICS,"Bosnia and Herzegovina multiple indicator cluster survey 2006. Sarajevo, Bosnia and Herzegovina: UNICEF, 2007", Historical Trend , Reanalyzed ,3.9,0.1,4.6,7.1,18.5,65.7
81, BIH , Bosnia and Herzegovina , EECA ,2011-12,2012,MICS,"Institute for Public Health [Federation of Bosnia and Herzegovina]. Bosnia and Herzegovina multiple indicator cluster survey (MICS) 2011-2012. Final report. Sarajevo, Federation of Bosnia and Herzegovina: UNICEF, 2013", Latest Estimate , Reanalyzed ,2.3,0.0,4.9,3.9,13.4,75.4
83, BWA , Botswana , ESA ,2000,2000,MICS,"Multiple indicator survey (MIS) 2000. Full report. Gaborone, Botswana, 2001", Historical Trend , Reanalyzed ,4.6,1.3,23.2,4.6,5.5,60.7
84, BWA , Botswana , ESA ,2007-08,2007,Other,"2007 Botswana family health survey IV report. Gaborone, Botswana: CSO, 2009", Latest Estimate , Reanalyzed ,6.0,1.4,22.8,4.8,5.1,60.0
85, BRA , Brazil , LAC ,1989,1989,Other," Brazil National Survey on Health and Nutrition 1989. Ann Arbor, United States: Inter-University Consortium for Political and Social Research (ICPSR).", Historical Trend , Reanalyzed ,1.9,0.5,18.0,1.4,6.0,72.2
86, BRA , Brazil , LAC ,1996,1996,DHS,"Pesquisa nacional sobre demografia e saude 1996. Demographic and Health Surveys. Rio de Janeiro, Brasil: Litografia Tucano Ltda., 1997", Historical Trend , Reanalyzed ,2.5,0.4,11.8,0.9,5.2,79.3
88, BRA , Brazil , LAC ,2006-07,2007,Other,"Pesquisa nacional de demografia e saúde da criança e da mulher - PNDS 2006. Relatório da pesquisa. Sao Paulo: CEBRAP, 2008 ", Historical Trend , Reanalyzed ,1.7,0.1,6.4,0.5,6.0,85.3
6258, BRA , Brazil , LAC ,2019,2019,NNS,"Estudo Nacional de Alimentação e Nutrição Infantil (ENANI), Brasil 2019", Latest Estimate , Reanalyzed ,2.5,0.5,5.8,1.3,9.0,81.3
89, BRN , Brunei Darussalam , EAP ,2009,2009,Other,"2nd National health and nutritional status survey (NHANSS). Phase 1: 0-5 years old. Brunei Darussalam, January 2013.", Latest Estimate , Reanalyzed ,2.3,0.6,18.4,0.6,7.7,70.4
90, BGR , Bulgaria , EECA ,2004,2004,NNS,"National survey of dietary intake and nutritional status of Bulgarian population, 2004. Department of Nutrition and Public Health, National Center of Public Health Protection, Sofia, Bulgaria", Historical Trend , Reanalyzed ,3.2,0.0,5.1,3.6,10.0,78.0
3742, BGR , Bulgaria , EECA ,2007,2007,NNS,Nutrition and Nutritional Status of Children aged under 5 years in Bulgaria, Latest Estimate , Reanalyzed ,4.5,0.2,7.1,1.8,5.0,81.3
91, BFA , Burkina Faso , WCA ,1992-93,1993,DHS,"Enquête démographique et de santé, Burkina Faso 1993. Demographic and Health Surveys. Ouagadougou, Burkina Faso, 1994.", Historical Trend , Reanalyzed ,9.7,5.7,31.6,1.4,1.4,50.2
92, BFA , Burkina Faso , WCA ,1998-99,1999,DHS,"Enquête démographique et de santé, Burkina Faso 1998-1999. Demographic and Health Surveys. Calverton, Maryland (USA): Macro International Inc., 2000", Historical Trend , Reanalyzed ,9.2,6.3,34.1,0.9,1.0,48.4
977, BFA , Burkina Faso , WCA ,2010,2010,SMART,Enquete Nutritionnelle Nationale 2010: Rapport Definitif, Historical Trend , Reanalyzed ,5.9,5.0,29.5,0.5,0.4,58.8
96, BFA , Burkina Faso , WCA ,2010,2010,DHS,"Enquête démographique et de santé et à indicateurs multiples du Burkina Faso 2010. Demographic and Health Surveys and MICS. Calverton, Maryland, USA: INSD, 2012", Historical Trend , Reanalyzed ,11.1,4.4,28.8,1.5,1.3,52.9
97, BFA , Burkina Faso , WCA ,2011,2011,SMART,"Rapport enquête nutritionnelle nationale 2011. Ouagadougou, Burkona Faso, 2012.", Historical Trend , Reanalyzed ,5.7,4.7,29.6,0.3,0.4,59.3
98, BFA , Burkina Faso , WCA ,2012,2012,SMART,"Enquête nutritionnelle nationale 2012. Rapport final. Ouagadougou, Burkina Faso, 2012.", Historical Trend , Reanalyzed ,5.9,4.9,27.7,0.2,0.3,61.0
795, BFA , Burkina Faso , WCA ,2013,2013,SMART,"Enquete Nutritionnelle Nationale, Burkina Faso 2013", Historical Trend , Reanalyzed ,5.0,3.1,28.0,0.3,0.5,63.1
796, BFA , Burkina Faso , WCA ,2014,2014,SMART,"Enquete Nutritionnelle Nationale - Rapport final, Burkina Faso, Décembre 2014", Historical Trend , Reanalyzed ,5.1,3.4,25.2,0.4,0.7,65.1
2666, BFA , Burkina Faso , WCA ,2015,2015,SMART,Rapport Enquête Nutritionnelle Nationale SMART 2015, Historical Trend , Reanalyzed ,6.1,4.1,25.6,0.3,0.6,63.3
848, BFA , Burkina Faso , WCA ,2016,2016,SMART,"Enquete Nutritionnelle Nationale 2016, Rapport Final, Decembre 2016, Burkina Faso", Historical Trend , Reanalyzed ,4.6,2.9,23.3,0.5,0.7,67.9
2401, BFA , Burkina Faso , WCA ,2017,2017,SMART,"Enquête Nutritionnelle Nationale, Burkina Faso 2017", Historical Trend , Reanalyzed ,6.1,2.6,18.0,0.5,1.1,71.7
2608, BFA , Burkina Faso , WCA ,2018,2018,SMART,"Enquete Nutritionnelle Nationale, Burkina Faso 2018", Historical Trend , Reanalyzed ,5.5,2.9,21.5,0.4,0.6,69.0
4161, BFA , Burkina Faso , WCA ,2019,2019,SMART,"Enquete Nutritionnelle Nationale, Burkina Faso 2019", Historical Trend , Reanalyzed ,5.5,2.6,20.4,0.8,0.8,69.9
4269, BFA , Burkina Faso , WCA ,2020,2020,Other,"Enquête nationale sur les micronutriments, Burkina Faso", Historical Trend , Reanalyzed ,6.1,3.2,16.1,1.0,1.0,72.6
4280, BFA , Burkina Faso , WCA ,2020,2020,SMART,"Enquete Nutritionnelle Nationale, Burkina Faso 2020", Historical Trend , Reanalyzed ,5.5,2.0,16.9,0.7,0.4,74.6
7136, BFA , Burkina Faso , WCA ,2021,2021,DHS,"Enquête Démographique et de Santé du Burkina Faso 2021. Ouagadougou, Burkina Faso et  Rockville, Maryland, USA : INSD et ICF", Historical Trend , Reanalyzed ,7.5,2.8,19.1,0.7,0.9,69.0
3327, BFA , Burkina Faso , WCA ,2021,2021,SMART,"Enquete Nationale du Nutrition, Burkina Faso 2021", Latest Estimate , Reanalyzed ,6.3,3.1,17.3,0.7,0.8,71.8
99, BDI , Burundi , ESA ,1987,1987,DHS,"Enquête démographique et de la santé au Burundi, 1987. Demographic and Health Surveys. Gsitega, Burundi, 1988", Historical Trend , Reanalyzed ,3.4,4.4,47.3,0.6,0.6,43.6
100, BDI , Burundi , ESA ,2000,2000,MICS,"Enquête nationale d'evaluation des conditions de vie de l'enfant et de la femme au Burundi (ENECEF-BURUNDI 2000): Rapport final (MICS). Bujumbura: République du Burundi and UNICEF, 2001", Historical Trend , Reanalyzed ,2.4,5.6,57.4,0.9,0.6,33.0
102, BDI , Burundi , ESA ,2010-11,2010,DHS,"Enquête démographique et de santé Burundi 2010. Demographic and Health Surveys. Bujumbura, Burundi : ISTEEBU, MSPLS, et ICF International, 2012", Historical Trend , Reanalyzed ,2.4,3.5,52.2,1.9,1.0,39.0
1351, BDI , Burundi , ESA ,2016-17,2016,DHS,"Troisième Enquête Démographique et de Santé. Bujumbura, Burundi : ISTEEBU, MSPLS, et ICF", Historical Trend , Reanalyzed ,1.7,3.4,51.8,0.7,0.6,41.8
2397, BDI , Burundi , ESA ,2018,2018,SMART,"Enquete Nationale sur la Situation Nutritionnelle et la Mortalite sur la Mortalite Basee Sur La Methodologie SMART, Burundi; Rapport Principal", Historical Trend , Reanalyzed ,1.7,3.1,52.6,0.9,0.8,40.8
3551, BDI , Burundi , ESA ,2018-19,2019,SMART,"Enquete Nationale sur la Situation Nutritionnelle et la Securite Alimentaire au Burundi (ENSNSAB), Decembre 2018", Historical Trend , Reanalyzed ,2.4,2.4,49.9,1.8,1.0,42.6
6295, BDI , Burundi , ESA ,2020,2020,SMART,"Enquete Nationale sur la Situation Nutritionnelle et Mortalite au Burundi (ENSNMB), Edition 2020", Latest Estimate , Reanalyzed ,2.1,3.6,46.6,0.7,0.8,46.2
105, KHM , Cambodia , EAP ,1996,1996,Other,"Socio economic survey of Cambodia 1996: National Institute of Statistics. Phnom Penh, Cambodia, 1997", Historical Trend , Reanalyzed ,6.8,6.6,47.9,4.0,2.4,32.2
106, KHM , Cambodia , EAP ,2000,2000,DHS,"Cambodia demographic and health survey 2000. Demographic and Health Surveys. Phnom Penh, Cambodia, and Calverton, Maryland, USA: National Institute of Statistics, Directorate General for Health, and ORC Macro, 2001", Historical Trend , Reanalyzed ,10.9,6.2,39.9,2.9,1.1,39.0
107, KHM , Cambodia , EAP ,2005-06,2005,DHS,"Cambodia demographic and health survey 2005. Demographic and Health Surveys. Phnom Penh, Cambodia and Calverton, Maryland, USA: National Institute of Public Health, National Institute of Statistics and ORC Macro, 2006", Historical Trend , Reanalyzed ,4.8,3.7,38.3,0.8,0.8,51.6
108, KHM , Cambodia , EAP ,2008,2008,Other,"Cambodia anthropometrics survey 2008. Phnom Penh, Cambodia: National Institute of Statistics, Ministry of Planning and UNICEF Cambodia, 2009", Historical Trend , Reanalyzed ,5.5,3.6,34.6,1.3,0.7,54.3
109, KHM , Cambodia , EAP ,2010-11,2010,DHS,"Cambodia demographic and health survey 2010. Demographic and Health Surveys. Phnom Penh, Cambodia and Calverton, Maryland, USA: National Institute of Statistics, Directorate General for Health, and ICF Macro, 2011", Historical Trend , Reanalyzed ,6.9,4.1,34.6,1.1,0.8,52.5
110, KHM , Cambodia , EAP ,2014,2014,DHS,"Cambodia Demographic and Health Survey 2014. Phnom Penh, Cambodia, and Rockville, Maryland, USA: National Institute of Statistics, Directorate General for Health, and ICF International. ", Historical Trend , Reanalyzed ,6.2,3.5,28.0,0.9,1.3,60.0
6914, KHM , Cambodia , EAP ,2021-22,2021,DHS,Cambodia Demographic and Health Survey 2021–22, Latest Estimate , Reanalyzed ,7.7,1.9,18.4,1.6,2.5,67.8
111, CMR , Cameroon , WCA ,1991,1991,DHS,"Enquête démographique et de santé Cameroun, 1991. Demographic and Health Surveys. Yaoundé, République du Cameroun, 1992", Historical Trend , Reanalyzed ,2.9,1.7,28.5,1.4,3.3,62.3
112, CMR , Cameroon , WCA ,1998,1998,DHS,"Enquete démographique et de santé, Cameroun 1998. Demographic and Health Surveys. Calverton, Maryland, U.S.A. : Bureau Central des Recensements et des Études de Population et Macro International Inc., 1999", Historical Trend , Reanalyzed ,5.3,3.3,30.4,2.9,5.3,52.8
113, CMR , Cameroon , WCA ,2004,2004,DHS,"Enquête démographique et de santé du Cameroun 2004. Demographic and Health Surveys. Calverton, Maryland, USA: INS et ORC Macro, 2004", Historical Trend , Reanalyzed ,4.4,1.8,29.7,4.1,4.6,55.4
114, CMR , Cameroon , WCA ,2006,2006,MICS,"Cameroun: Suivi de la situation des enfants et des femmes. Enquête par grappee à indicateurs multiples 2006. Rapport principal. Yaoundé, Cameroun: Institut National de la Statistique et UNICEF, 2008", Historical Trend , Reanalyzed ,5.0,2.6,30.3,4.7,5.8,51.6
115, CMR , Cameroon , WCA ,2011,2011,DHS,"Enquête démographique et de santé et à indicateurs multiples du Cameroun 2011. Demographic and Health Surveys and MICS. Calverton, Maryland, USA : INS et ICF International, 2012", Historical Trend , Reanalyzed ,3.4,2.3,27.7,2.6,3.9,60.1
116, CMR , Cameroon , WCA ,2014,2014,MICS,"Enquête par grappes à indicateurs multiples (MICS5), 2014, Rapport Final. Yaoundé, Cameroun, Institut National de la Statistique", Historical Trend , Reanalyzed ,3.2,2.1,27.5,2.1,4.6,60.6
3085, CMR , Cameroon , WCA ,2018-19,2018,DHS,"Enquête Démographique et de Santé du Cameroun 2018. Yaoundé, Cameroun et Rockville, Maryland, USA : INS et ICF. 2020", Latest Estimate , Reanalyzed ,3.1,1.2,23.3,4.4,6.6,61.4
118, CAF , Central African Republic , WCA ,1994-95,1994,DHS,"Enquête demographique et de santé République Centrafricaine 1994-95. Demographic and Health Surveys. Calverton, Maryland, USA: Direction des Statistiques Démographiques et Sociales et Macro Inc., 1995", Historical Trend , Reanalyzed ,5.7,3.7,33.9,1.9,2.2,52.6
119, CAF , Central African Republic , WCA ,2000,2000,MICS,"Enquête à indicateurs mutliples - MICS 2000. Rapport Final. Bangui, République Centrafricaine: BBA editions, 2001", Historical Trend , Reanalyzed ,7.9,2.5,35.2,6.6,4.2,43.6
120, CAF , Central African Republic , WCA ,2006,2006,MICS,"Suivi de la situation des enfants et des femmes. MICS-3 Résultats de l'enquête nationale à indicateurs multiples couplée avec la sérologie VIH et enémie en RCA 2006. Bangui, Republique Centrafricaine: ICASEES, 2009", Historical Trend , Reanalyzed ,8.3,3.8,34.6,5.2,3.4,44.6
121, CAF , Central African Republic , WCA ,2010-11,2010,MICS,"Suivi de la situation des enfants, des femmes et des hommes. Enquête par grappes à indicateurs multiples - MICS couplée avec la sérologie VIH, RCA, 2010: Rapport final. Bangui, RCA: ICASEES, 2012.", Historical Trend , Reanalyzed ,3.6,3.8,36.0,1.0,0.8,54.8
986, CAF , Central African Republic , WCA ,2012,2012,SMART,"Enquete Nationale Sur La Situation Nutritionnele et la Mortalite en Republique Centrafricaine, Rapport Finale Du 30 Mai au 15 Juillet 2012", Historical Trend , Reanalyzed ,3.6,3.8,35.1,0.8,1.2,55.5
797, CAF , Central African Republic , WCA ,2014,2014,SMART,"Enquete Nationale sur la Situation Nutritionnelle et la Mortalite en Republique Centrafricaine, 2014", Historical Trend , Reanalyzed ,3.2,3.0,34.2,0.8,1.3,57.6
3167, CAF , Central African Republic , WCA ,2018,2018,SMART,"Enquete Nationale sur la Situation Nutritionnelle et la Mortalite en Republique Centrafricaine, 2018", Historical Trend , Reanalyzed ,3.1,3.4,33.8,0.3,0.7,58.7
4428, CAF , Central African Republic , WCA ,2018-19,2019,MICS,"MICS6-RCA Enquête par grappes à indicateurs multiples 2018-2019, Rapport final. Bangui, République Centrafricaine : ICASEES", Historical Trend , Reanalyzed ,3.5,1.9,36.1,1.7,1.5,55.3
4166, CAF , Central African Republic , WCA ,2019,2019,SMART,"Enquete Nationale sur la Situation Nutritionnelle et la Mortalite en Republique Centrafricaine, 2019", Latest Estimate , Reanalyzed ,2.1,3.1,36.6,0.6,0.9,56.7
122, TCD , Chad , WCA ,1996-97,1997,DHS,"Enquête démographique et de santé, Tschad 1996-97. Demographic and Health Surveys. Calverton, Maryland, USA: Bureau Central du Recensement et Macro International Inc., 1998", Historical Trend , Reanalyzed ,9.3,7.2,35.8,1.5,1.2,44.9
123, TCD , Chad , WCA ,2000,2000,MICS,"Enquête par grappes à indicateurs multiples: Rapport complet (MICS). N'Djamena: Direction Generale, Direction de la Statistique, des Etudes Economiques et Demographiques, Bureau Central de Recensement et UNICEF, 2001", Historical Trend , Reanalyzed ,7.6,6.2,31.2,1.5,1.2,52.2
124, TCD , Chad , WCA ,2004,2004,DHS,"Enquête démographique et de santé Tchad 2004. Demographic and Health Surveys. Calverton, Maryland, U.S.A. : INSEED et ORC Macro, 2005", Historical Trend , Reanalyzed ,9.8,6.4,35.6,2.3,1.9,43.9
125, TCD , Chad , WCA ,2010,2010,MICS,"Enquête par grappes à indicateurs multiples (MICS), Tchad 2010: Rapport final. N'Djamena, République du Tchad, 2011", Historical Trend , Reanalyzed ,10.4,5.9,31.2,1.6,1.1,49.8
126, TCD , Chad , WCA ,2014-15,2015,DHS,"Enquête Démographique et de Santé et à Indicateurs Multiples du Tchad 2014-2015. Rockville, Maryland, USA: INSEED, MSP et ICF International, 2016.", Historical Trend , Reanalyzed ,8.1,5.1,33.3,1.3,1.5,50.6
1581, TCD , Chad , WCA ,2015,2015,SMART,Evaluation Nationale de la Situation Nutritionnelle par la Methodologie SMART au Tchad: Rapport Finale, Historical Trend , Reanalyzed ,8.0,4.8,25.3,0.6,0.4,60.6
1978, TCD , Chad , WCA ,2017,2017,SMART,"Enquete Nationale de Nutrition chez les Enfants de 0  à 59 mois, Periode: Juillet - Août, 2017", Historical Trend , Reanalyzed ,8.1,5.4,25.7,1.0,1.1,58.7
3831, TCD , Chad , WCA ,2019,2019,SMART,Rapport de l’enquête nationale de nutrition 2019 réalisée par la méthodologie SMART, Historical Trend , Reanalyzed ,7.0,5.0,26.6,0.9,1.0,59.6
1561, TCD , Chad , WCA ,2019,2019,MICS,"MICS6-Tchad, 2019, Rapport final. N’Djamena, Tchad.", Historical Trend , Reanalyzed ,8.5,5.4,31.2,1.1,1.2,52.5
4576, TCD , Chad , WCA ,2020,2020,SMART,Rapport final de l’enquête nationale de nutrition 2020 réalisée par la méthodologie SMART, Historical Trend , Reanalyzed ,5.8,3.6,25.8,1.0,1.3,62.4
5288, TCD , Chad , WCA ,2021,2021,SMART,"Enquete Nationale de Nutrition SMART 2021, Chad", Historical Trend , Reanalyzed ,6.2,4.0,26.4,0.7,0.8,61.9
8947, TCD , Chad , WCA ,2022,2022,SMART,ENQUETE NATIONALE DE NUTRITION ET DE MORTALITE RETROSPECTIVE (SMART), Latest Estimate , Reanalyzed ,4.6,3.1,27.8,0.9,1.2,62.2
147, CHN , China , EAP ,2000,2000,Surveillance,"Nutritional status of children aged 0-5 years old in China (2000) - National (40 nutrition surveillance sites from 26 provinces). Beijing, China: Chinese Center for Disease Control and Prevention, 2010.", Historical Trend , External Reanalysis ,2.1,0.5,18.7,0.8,2.6,75.4
149, CHN , China , EAP ,2005,2005,Surveillance,"Nutritional status of children aged 0-5 years old in China (2005) - National (40 nutrition surveillance sites from 26 provinces). Beijing, China: Chinese Center for Disease Control and Prevention, 2010.", Historical Trend , External Reanalysis ,2.5,0.5,11.6,0.9,4.9,79.6
152, CHN , China , EAP ,2010,2010,Surveillance,"Nutritional status of children aged 0-5 years old in China (2010) - National (38 nutrition surveillance sites from 25 provinces). Beijing, China: Chinese Center for Disease Control and Prevention, 2012", Historical Trend , External Reanalysis ,2.0,0.3,8.8,0.9,5.6,81.4
1397, CHN , China , EAP ,2013,2013,Other,"China National Nutrition and Health Survey, 2013", Latest Estimate , External Reanalysis ,1.7,0.1,6.7,1.3,7.9,82.3
153, COL , Colombia , LAC ,1986,1986,DHS,"Tercera encuesta nacional de prevalencia del uso de anticonceptivos y primera de demografia y salud, 1986. Demographic and Health Surveys. Institute for Resource Development. Bogota, Colombia, 1988 ", Historical Trend , Reanalyzed ,0.9,0.4,24.5,0.8,4.2,69.3
155, COL , Colombia , LAC ,1995,1995,DHS,"Encuesta nacional de demografia y salud 1995. Demographic and Health Surveys. Bogota, Colombia, 1995", Historical Trend , Reanalyzed ,1.2,0.5,18.2,0.9,3.6,75.6
156, COL , Colombia , LAC ,2000,2000,DHS,"Salud sexual y reproductiva en Colombia, encuesta nacional de demografia y salud 2000. Demographic and Health Surveys. Bogota, Colombia: PROFAMILIA, 2000", Historical Trend , Reanalyzed ,0.7,0.3,16.9,0.9,4.4,76.7
1368, COL , Colombia , LAC ,2004-05,2005,DHS,Encuesta Nacional de la Situacion Nutricional en Colombia (ENSIN) 2005, Historical Trend , Reanalyzed ,1.3,0.3,15.3,0.4,3.8,79.0
1369, COL , Colombia , LAC ,2009-10,2010,DHS,Encuesta Nacional de la Situacion Nutricional en Colombia 2010, Historical Trend , Reanalyzed ,0.7,0.2,11.9,0.5,4.3,82.4
2155, COL , Colombia , LAC ,2015-16,2016,NNS,Colombia National Survey of the Nutritional Situation 2015 , Latest Estimate , Reanalyzed ,1.5,0.2,11.6,1.0,4.8,81.0
160, COM , Comoros , ESA ,1996,1996,DHS,"Enquête demographique et de santé, Comores 1996. Demographic and Health Surveys. Centre National de Documentation et de Recherche Scientifique. Moroni, Comores, 1997", Historical Trend , Reanalyzed ,7.1,4.3,31.8,2.7,3.0,51.3
161, COM , Comoros , ESA ,2000,2000,MICS,"Enquête a indicateurs multiples (MICS 2000): Rapport final (1er draft Février 2001). Moroni, Comoros: UNICEF, 2001", Historical Trend , Reanalyzed ,9.6,3.7,31.0,12.3,9.2,34.2
162, COM , Comoros , ESA ,2012,2012,DHS,"Enquête démographique et de santé et à indicateurs multiples aux Comores 2012. Demograohic and Health Surveys and MICS. Rockville, MD 20850, USA : DGSP et ICF International, 2014", Historical Trend , Reanalyzed ,9.0,2.2,23.4,5.5,5.1,54.7
5034, COM , Comoros , ESA ,2022,2022,MICS,Comoros 2022 Multiple Indicator Cluster Survey, Latest Estimate , Reanalyzed ,4.2,0.9,16.1,1.2,2.8,74.8
164, COG , Congo , WCA ,2005,2005,DHS,"Enquête démographique et de santé du Congo 2005. Demographic and Health Surveys. Calverton, Maryland, USA : CNSEE et ORC Macro, 2006", Historical Trend , Reanalyzed ,6.8,1.3,24.7,5.2,3.3,58.7
165, COG , Congo , WCA ,2011-12,2011,DHS,"Enquête démographique et de santé du Congo (EDSC-II) 2011-2012. Demographic and Health Surveys. Calverton, Maryland, USA : CNSEE et ICF International, 2013", Historical Trend , Reanalyzed ,4.8,1.2,21.7,1.5,2.0,68.8
166, COG , Congo , WCA ,2014-15,2014,MICS,"Enquête par grappes à indicateurs multiples (MICS5 2014-2015), Rapport final. Brazzaville, Congo : Institut National de la Statistique et UNICEF.", Latest Estimate , Reanalyzed ,6.8,1.4,17.8,2.0,3.9,68.1
1681, CRI , Costa Rica , LAC ,2018,2018,MICS,"Encuesta de Mujeres, Niñez y Adolescencia (EMNA), Informe de resultados de la encuesta. San José, Costa Rica. 2019", Latest Estimate , Reanalyzed ,1.5,0.2,8.4,0.3,7.2,82.3
2455, CUB , Cuba , LAC ,2019,2019,MICS,"Cuba Encuesta de Indicadores Múltiples por Conglomerados 2019, Informe de resultados de la encuesta. La Habana, Cuba: Dirección de Registros Médicos y Estadísticas de Salud.", Latest Estimate , Reanalyzed ,2.0,0.1,6.0,1.0,9.3,81.6
183, CZE , Czechia , WE ,2001-02,2001,Other,"6th nationwide anthropological survey of children and adolescents 2001, Czech Republic. Summary results. Prague, Czech Republic: National Institute of Public Health, 2006", Latest Estimate , Reanalyzed ,4.6,0.1,2.3,0.4,4.0,88.7
2040, CIV , Côte d'Ivoire , WCA ,1985-87,1986,LSMS,"Côte d'Ivoire Living Standards Measurement Survey 1985-1987. Washington, DC, United States: World Bank (WB) [1985-86 LSMS and 1986-87 LSMS Combined]", Historical Trend , Reanalyzed ,7.1,1.4,16.3,2.0,3.9,69.4
176, CIV , Côte d'Ivoire , WCA ,1994,1994,DHS,"Enquête demographique et de santé, Côte d'Ivoire 1994. Demographic and Health Surveys. Abidjan, Côte d'Ivoire, 1995", Historical Trend , Reanalyzed ,6.7,4.4,25.6,0.9,1.8,60.7
177, CIV , Côte d'Ivoire , WCA ,1998-99,1998,DHS,"Enquête démographique et de santé, Côte d'Ivoire 1998-99. Demographic and Health Surveys. Calverton, Maryland, USA: Institut National de la Statistique et ORC Macro, 2001", Historical Trend , Reanalyzed ,5.0,1.8,27.5,1.9,2.7,61.1
798, CIV , Côte d'Ivoire , WCA ,2011,2011,SMART,Enquête nutritionnelle nationale basée sur la méthodologie SMART - Rapport final, Historical Trend , Reanalyzed ,2.7,2.6,24.3,0.3,1.3,68.8
180, CIV , Côte d'Ivoire , WCA ,2011-12,2012,DHS,"Enquête démographique et de santé et à indicateurs multiples de Côte d'Ivoire 2011-2012. Demographic and Health Surveys and MICS. Calverton, Maryland, USA : INS et ICF International, 2012", Historical Trend , Reanalyzed ,5.8,1.8,26.7,1.3,1.9,62.5
1700, CIV , Côte d'Ivoire , WCA ,2016,2016,MICS,"Enquête par grappes à indicateurs multiples - Côte d’Ivoire 2016, Rapport Final, Septembre 2017", Historical Trend , Reanalyzed ,4.5,1.6,19.5,0.6,0.9,73.0
7137, CIV , Côte d'Ivoire , WCA ,2021,2021,DHS,"Enquête Démographique et de Santé de Côte d’Ivoire, 2021. Rockville, Maryland, USA : INS/Côte d’Ivoire et ICF", Latest Estimate , Reanalyzed ,5.9,2.1,20.1,1.2,2.3,68.3
186, PRK , Democratic People's Republic of Korea , EAP ,2002,2002,NNS,"Nutrition assessment 2002 D.P.R. Korea. Pyongyang: Government of D.P.R. Korea, United Nations Children's Fund and World Food Programme, 2003", Latest Estimate , Reanalyzed ,5.8,2.9,41.2,0.6,0.3,49.2
191, COD , Democratic Republic of the Congo , WCA ,2001,2001,MICS,"Enquête nationale sur la situation des enfants et des femmes MICS2 / 2001. Rapport d'analyse. Kinshasa, République Démocratique du Congo, juillet 2002", Historical Trend , Reanalyzed ,10.4,5.5,34.9,4.1,2.7,42.5
192, COD , Democratic Republic of the Congo , WCA ,2007,2007,DHS,"Enquête démographique et de santé, République Démocratique du Congo 2007. Demographic and Health Surveys. Calverton, Maryland, U.S.A.: Ministère du Plan et Macro International, 2008", Historical Trend , Reanalyzed ,7.2,3.1,38.6,4.0,3.1,44.0
193, COD , Democratic Republic of the Congo , WCA ,2010,2010,MICS,"Enquête par grappes à indicateurs multiples en République Démocratique du Congo (MICS-RDC 2010). Rapport final, mai 2011. Kinshasa, République Démocratique du Congo, 2011", Historical Trend , Reanalyzed ,5.5,3.0,37.6,2.8,2.1,49.0
194, COD , Democratic Republic of the Congo , WCA ,2013-14,2013,DHS,"Enquête démographique et de santé en République Démocratique du Congo 2013-2014. Demographic and Health Surveys. Rockville, Maryland, USA : MPSMRM, MSP et ICF International, 2014", Historical Trend , Reanalyzed ,5.7,2.5,37.7,2.5,1.9,49.7
3707, COD , Democratic Republic of the Congo , WCA ,2017-18,2017,MICS,"Enquête par grappes à indicateurs multiples, 2017-2018, rapport de résultats de l’enquête. Kinshasa, République Démocratique du Congo", Latest Estimate , Reanalyzed ,4.1,2.4,37.5,1.9,1.9,52.2
196, DJI , Djibouti , ESA ,1996,1996,Other,"Enquête djiboutienne auprès des ménages indicateurs sociaux (EDAM-IS 1996), 1997", Historical Trend , Reanalyzed ,13.2,2.1,21.2,8.5,5.5,49.5
799, DJI , Djibouti , ESA ,2010-11,2011,SMART,"Enquête Nutritionnelle SMART, Évaluation de  la Situation Nutritionnelle, Rapport Final, Avril 2011", Historical Trend , Reanalyzed ,6.5,3.5,27.4,0.1,0.4,62.2
800, DJI , Djibouti , ESA ,2013,2013,SMART,"Enquête Nutritionnelle Nationale avec la Methodologie SMART, Rapport, Decembre 2013", Historical Trend , Reanalyzed ,9.0,4.9,23.1,0.0,0.3,62.7
3853, DJI , Djibouti , ESA ,2019,2019,SMART,"Enquête sur l’état nutritionnel avec la Méthodologie SMART, Djibouti Avril 2019", Historical Trend , Reanalyzed ,6.9,3.2,17.3,0.4,1.2,71.0
9068, DJI , Djibouti , ESA ,2023,2023,Other,RAPPORT DE L’ENQUETE MULTISECTORIELLE, Latest Estimate , Reanalyzed ,8.1,3.4,20.5,1.6,2.6,63.8
200, DOM , Dominican Republic , LAC ,1986,1986,DHS,"Encuesta demografica y de salud, 1986. Demographic and Health Surveys. Consejo Nacional de Poblacion y Familia. Santo Domingo, Republica Dominicana, 1987", Historical Trend , Reanalyzed ,1.4,1.0,20.6,0.7,3.3,73.0
201, DOM , Dominican Republic , LAC ,1991,1991,DHS,"Encuesta demografica y de salud 1991. Demographic and Health Surveys. Santo Domingo, Republica Dominicana, 1992", Historical Trend , Reanalyzed ,1.4,0.7,19.3,1.1,3.2,74.3
202, DOM , Dominican Republic , LAC ,1996,1996,DHS,"Encuesta demografica y de salud 1996 (DHS). Centro de Estudios Sociales y Demograficos, Asociacion Dominicana Pro Bienestar de la Familia, Oficina Nacional de Planificacion. Santo Domingo, Republica Dominicana, 1997", Historical Trend , Reanalyzed ,1.5,0.5,12.5,0.5,6.1,78.8
203, DOM , Dominican Republic , LAC ,2000,2000,MICS,"Encuesta por conglomerados de indicadores multiples (MICS-2000). Santo Domingo, D.N.: Secretariado Técnico de la Presidencia, Fondo de las Naciones Unidas para la Infancia (UNICEF), 2001", Historical Trend , Reanalyzed ,0.8,0.6,6.7,0.3,6.5,85.0
204, DOM , Dominican Republic , LAC ,2002,2002,DHS,"Encuesta demografica y de salud, ENDESA 2002. Demographic and Health Surveys. Santo Domingo, Republica Dominicana: Centro de Estudios Sociales y Demograficos, 2003", Historical Trend , Reanalyzed ,2.0,0.3,9.9,1.4,7.2,79.2
205, DOM , Dominican Republic , LAC ,2006,2006,MICS-Style,"Encuesta nacional de hogares de proposito multiples (ENHOGAR-MICS 2006): Informe general. Santo Domingo, Republica Dominicana: ONE, 2008", Historical Trend , Reanalyzed ,1.5,0.2,7.8,0.4,5.9,84.2
206, DOM , Dominican Republic , LAC ,2007,2007,DHS,"Encuesta demográfica y de salud 2007. Demographic and Health Surveys. Santo Domingo, República Dominicana: CESDEM y Macro International Inc., 2008", Historical Trend , Reanalyzed ,2.2,0.1,8.9,1.0,7.3,80.5
207, DOM , Dominican Republic , LAC ,2013,2013,DHS,"Encuesta demográfica y de salud 2013. Demographic and Health Surveys. Santo Domingo, República Dominicana: CESDEM y ICF International, 2014", Historical Trend , Reanalyzed ,2.1,0.3,5.9,1.0,6.6,84.1
4245, DOM , Dominican Republic , LAC ,2019,2019,MICS,Encuesta Nacional de Hogares de Propósitos Múltiples (ENHOGAR-MICS) 2019, Latest Estimate , Reanalyzed ,1.9,0.3,5.6,0.8,6.8,84.6
209, ECU , Ecuador , LAC ,1998-99,1999,LSMS,"Equidad desde el principio - situacion nutricional de los niños ecuatorianos. Encuesta de condiciones de vida, 1998. Organizacion Panamericana de la Salud y Ministerio de Salud Publica, Ecuador. Washington, D.C.: OPS, 2001", Historical Trend , Reanalyzed ,2.0,0.7,26.8,0.4,2.1,68.0
210, ECU , Ecuador , LAC ,2004,2004,RHS,"Encuesta demografía y de salud materna e infantil, ENDEMAIN 2004: Informe final.  Quito, Ecuador: CEPAR, 2005", Historical Trend , Reanalyzed ,1.5,0.5,27.2,1.5,3.8,65.5
211, ECU , Ecuador , LAC ,2005-06,2006,Other,"Encuesta de Condiciones De Vida, Ecuador 2005-2006, V Ronda", Historical Trend , Reanalyzed ,1.8,0.4,24.4,1.2,4.0,68.3
1298, ECU , Ecuador , LAC ,2012,2012,Other,Encuesta Nacional de Salud y Nutrición (ENSANUT-ECU) 2011-2013, Historical Trend , Reanalyzed ,1.8,0.6,22.7,2.1,5.4,67.4
801, ECU , Ecuador , LAC ,2013-14,2014,LSMS,"Informe de Resultados Encuesta de Condiciones de Vida (ECV) 2013-2014, Instituto Nacional de Estadística Y Censos, 2015", Historical Trend , Reanalyzed ,1.3,0.4,21.3,2.2,5.8,69.0
9071, ECU , Ecuador , LAC ,2022-23,2023,NNS,"Encuesta Nacional de Desnutrición Infantil - ENDI, Ecuador 2022-2023", Historical Trend , Reanalyzed ,0.6,0.2,16.8,0.5,4.4,77.4
9221, ECU , Ecuador , LAC ,2023-24,2024,NNS,"Encuesta Nacional de Desnutrición Infantil - ENDI Ronda 2, Ecuador 2023-2024", Latest Estimate , Reanalyzed ,0.5,0.3,16.8,0.4,4.1,78.0
212, EGY , Egypt , MENA ,1988-89,1988,DHS,"Egypt demographic and health survey 1988. Demographic and Health Surveys. Egypt National Population Council. Cairo, Egypt, 1989", Historical Trend , Reanalyzed ,1.3,0.8,30.6,3.4,3.4,60.5
213, EGY , Egypt , MENA ,1991,1991,PAPFAM,"Egyptian maternal and child health survey (EMCHS). PAPCHILD Surveys. Agency for Public Mobilisation and Statistics. Cairo, Arab Republic of Egypt, 1992", Historical Trend , Reanalyzed ,3.5,1.0,26.4,7.5,7.4,54.2
214, EGY , Egypt , MENA ,1992-93,1992,DHS,"Egypt demographic and health survey 1992. Demographic and Health Surveys. Cairo, Egypt, 1993", Historical Trend , Reanalyzed ,3.3,0.7,25.0,5.3,9.0,56.7
215, EGY , Egypt , MENA ,1995-96,1995,DHS,"Egypt demographic and health survey 1995. Demographic and Health Surveys. National Population Council. Cairo, Egypt, 1996", Historical Trend , Reanalyzed ,4.2,1.5,24.8,8.5,6.1,54.9
219, EGY , Egypt , MENA ,2003,2003,IDHS,"2003 Egypt interim demographic and health survey. Demographic and Health Survey. Cairo, Egypt: Ministry of Health and Population [Egypt], National Population Council, El-Zanaty and Asociates, and ORC Macro, 2004", Historical Trend , Reanalyzed ,4.5,0.7,15.4,4.1,5.0,70.2
220, EGY , Egypt , MENA ,2005,2005,DHS,"Egypt demographic and health survey 2005. Demographic and Health Surveys. Caire, Egypt: Ministry of Health and Population, National Population Council, El-Zanaty and Associates, and ORC Macro, 2006", Historical Trend , Reanalyzed ,4.7,0.6,16.4,6.9,7.2,64.2
221, EGY , Egypt , MENA ,2008,2008,DHS,"Egypt demographic and health survey 2008. Demographic and Health Surveys. Cairo, Egypt: Ministry of Health, 2009", Historical Trend , Reanalyzed ,7.2,0.7,18.7,11.3,9.1,53.0
222, EGY , Egypt , MENA ,2014,2014,DHS,"Egypt demographic and health survey 2014. Demographic and Health Surveys. Cairo, Egypt and Rockville, Maryland, USA: Ministry of Health and Population and ICF International, 2015.", Historical Trend , Reanalyzed ,8.9,0.6,13.6,8.1,7.6,61.2
8886, EGY , Egypt , MENA ,2021,2021,DHS-Style,Egypt Family Health Survey (EFHS) 2021, Latest Estimate , Reanalyzed ,3.0,0.3,10.3,2.2,7.9,76.3
223, SLV , El Salvador , LAC ,1988,1988,NNS,"Evaluacion de la situacion alimentaria nutricional en El Salvador (ESANES-88). Ministerio de Salud Publica y Asistencia Social. San Salvador, El Salvador, 1990", Historical Trend , Reanalyzed ,1.4,0.8,34.8,1.1,2.0,60.0
224, SLV , El Salvador , LAC ,1993,1993,RHS,"National family health survey 1993 (FESAL-93). San Salvador: Government of El Salvador, 1994", Historical Trend , Reanalyzed ,0.9,0.6,29.8,1.1,2.6,65.0
225, SLV , El Salvador , LAC ,1998,1998,RHS,"National family health survey 1998: final report (FESAL-98). San Salvador, Republica de San Salvador, C.A., 2000", Historical Trend , Reanalyzed ,1.1,0.4,31.2,0.7,3.2,63.4
226, SLV , El Salvador , LAC ,2002-03,2003,RHS,Encuesta nacional de salud familiar (FESAL) 2002/03. Informe final., Historical Trend , Reanalyzed ,1.0,0.4,23.3,1.0,4.8,69.6
227, SLV , El Salvador , LAC ,2008,2008,RHS,"Encuesta nacional de salud familiar, FESAL 2008. Informe resumido.  San Salvador, El Salvador: ADS, 2009", Historical Trend , Reanalyzed ,1.0,0.6,19.2,0.9,4.7,73.5
228, SLV , El Salvador , LAC ,2014,2014,MICS,"Encuesta nacional de salud 2014 - Encuesta de indicadores multiples por conglomerados 2014, Resultados principales. San Salvador, El Salvador: Ministerio de Salud e Instituto Nacional de Salud.", Latest Estimate , Reanalyzed ,1.6,0.6,12.6,0.5,5.9,78.9
230, GNQ , Equatorial Guinea , WCA ,2000,2000,MICS,"Encuesta de indicadores multiples (MICS 2000): Informe final. Malabo, República de Guinea Educatorial:Ministerio de Planificación y Desarrollo Económico y UNICEF, 2001", Historical Trend , Reanalyzed ,7.1,2.2,32.0,8.6,5.4,44.8
231, GNQ , Equatorial Guinea , WCA ,2004,2004,NNS,Nutritional status and its correlates in Equatorial Guinean preschool children: Results from a nationally representative survey. Food and Nutrition Bulletin 2008;29:49-58, Latest Estimate , Reanalyzed ,1.3,1.4,28.6,3.0,5.7,60.0
234, ERI , Eritrea , ESA ,1995-96,1995,DHS,"Eritrea demographic and health survey 1995. Demographic and Health Surveys. Calverton, Maryland: National Statistics Office and Macro International Inc, 1997", Historical Trend , Reanalyzed ,9.7,10.4,33.2,0.5,0.7,45.5
235, ERI , Eritrea , ESA ,2002,2002,DHS,"Eritrea demographic and health survey 2002. Demographic and Health Surveys. Calverton, Maryland, USA: National Statistics amd Evaluation Office and ORC Macro, 2003", Historical Trend , Reanalyzed ,8.2,6.8,35.6,0.6,1.0,47.8
236, ERI , Eritrea , ESA ,2010,2010,Other,"Eritrea population and health survey 2010. Asmara, Eritrea: National Statistics Office and Fafo Institute for Applied International Studies, 2013.", Latest Estimate , Reanalyzed ,7.9,6.7,44.7,1.1,1.0,38.6
3775, EST , Estonia , WE ,2013-15,2014,Other,National Dietary Survey among children up to ten years old and breastfeeding mothers in Estonia. EFSA supporting publication 2017:EN-1199. 25 pp.doi:10.2903/sp.efsa.2017.EN-1199, Latest Estimate , Reanalyzed ,1.5,0.0,1.1,0.1,4.9,92.3
634, SWZ , Eswatini , ESA ,2000,2000,MICS,"Multiple indicator cluster survey (MICS): Model full report. Maseru, Swaziland: Central Statistical Office, 2002", Historical Trend , Reanalyzed ,1.2,0.5,29.5,6.5,8.5,53.8
635, SWZ , Eswatini , ESA ,2006-07,2006,DHS,"Swaziland demographic and health survey 2006-07. Demographic and Health Surveys. Mbabane, Swaziland: Central Statistical Office and Macro International Inc., 2008", Historical Trend , Reanalyzed ,2.3,0.5,24.8,3.9,7.2,61.2
637, SWZ , Eswatini , ESA ,2010,2010,MICS,"Swaziland multiple indicator cluster survey 2010 (MICS): Final report. Mbabane, Swaziland, Central Statistical Office and UNICEF, 2011", Historical Trend , Reanalyzed ,0.4,0.3,27.8,2.8,7.9,60.7
638, SWZ , Eswatini , ESA ,2014,2014,MICS,"Swaziland Multiple Indicator Cluster Survey 2014. Final Report. Mbabane, Swaziland, Central Statistical Office and UNICEF", Historical Trend , Reanalyzed ,1.4,0.6,22.9,2.0,7.0,66.1
4300, SWZ , Eswatini , ESA ,2021-22,2021,MICS, Eswatini Multiple Indicator Cluster Survey 2021-2022, Latest Estimate , Reanalyzed ,1.4,0.4,18.2,1.4,8.4,70.1
238, ETH , Ethiopia , ESA ,2000,2000,DHS,"Ethiopia demographic and health survey 2000. Demographic and Health Surveys. Addis Ababa, Ethiopia and Calverton, Maryland, USA: Central Statistical Authority and ORC Macro, 2001", Historical Trend , Reanalyzed ,5.6,6.8,49.6,1.1,0.9,36.1
239, ETH , Ethiopia , ESA ,2005,2005,DHS,"Ethiopia demographic and health survey 2005. Demographic and Health Surveys. Addis Ababa, Ethiopia and Calverton, Maryland, USA: General Statistical Agency and ORC Macro, 2006", Historical Trend , Reanalyzed ,7.5,4.8,42.6,2.5,2.6,39.9
240, ETH , Ethiopia , ESA ,2010-11,2011,DHS,"Ethiopia demographic and health survey 2011. Demographic and Health Surveys. Addis Ababa, Ethiopia and Calverton, Maryland, USA: Central Statistical Agency and ICF International, 2012", Historical Trend , Reanalyzed ,5.9,3.8,39.7,0.9,1.0,48.7
241, ETH , Ethiopia , ESA ,2014,2014,DHS-Style,"Ethiopia mini demographic and health survey 2014. Addis Ababa, Ethiopia, 2014.", Historical Trend , Reanalyzed ,5.8,3.0,35.9,1.4,1.5,52.3
1303, ETH , Ethiopia , ESA ,2016,2016,DHS,"Ethiopia Demographic and Health Survey 2016. Addis Ababa, Ethiopia, and Rockville, Maryland, USA: CSA and ICF.", Historical Trend , Reanalyzed ,7.0,3.0,34.0,1.3,1.6,53.1
3507, ETH , Ethiopia , ESA ,2019,2019,IDHS,"Ethiopia Mini Demographic and Health  Survey 2019: Final Report. Rockville, Maryland, USA: EPHI and ICF, 2021.", Latest Estimate , Reanalyzed ,4.1,2.7,33.1,1.0,1.3,57.8
243, FJI , Fiji , EAP ,2004,2004,NNS,"2004 Fiji national nutrition survey: Main report. Suva, Fiji, 2007", Historical Trend , Reanalyzed ,5.7,0.7,5.7,0.9,4.5,82.5
2436, FJI , Fiji , EAP ,2021,2021,MICS,"Fiji Multiple Indicator Cluster Survey 2021, Survey Findings  Report. Suva, Fiji: Fiji Bureau of Statistics.", Latest Estimate , Reanalyzed ,4.0,0.6,4.8,1.8,5.9,82.9
244, GAB , Gabon , WCA ,2000-01,2000,DHS,"Enquête démographique et de santé Gabon 2000. DHS. Calverton, Maryland: Direction Générale de la Statistique et des Etudes Economiques, et Fonds des Nations Unies pour la Population, et ORC Macro, 2001", Historical Trend , Reanalyzed ,3.1,1.2,22.8,1.9,3.6,67.4
245, GAB , Gabon , WCA ,2012,2012,DHS,"Enquête démographique et de santé du Gabon 2012. Demographic and Health Surveys. Calverton, Maryland, et Libreville, Gabon : DGS et ICF International, 2013", Historical Trend , Reanalyzed ,2.8,0.6,14.1,2.4,5.4,74.8
8922, GAB , Gabon , WCA ,2019-21,2020,DHS,Gabon Enquête Démographique et de Santé (EDSG-III) 2019-2021, Latest Estimate , Reanalyzed ,2.9,0.5,12.7,1.1,3.9,78.8
247, GMB , Gambia , WCA ,2000,2000,MICS,"The Gambia multiple indicator cluster survey report, 2000 (MICS). Banjul, The Gambia, 2002", Historical Trend , Reanalyzed ,6.6,2.5,20.1,1.5,1.5,67.8
248, GMB , Gambia , WCA ,2005-06,2006,MICS,"The Gambia Multiple Indicator Cluster Survey 2005/2006 Report. Banjul, The Gambia: GBoS, 2007", Historical Trend , Reanalyzed ,5.1,2.2,24.3,1.1,1.6,65.6
249, GMB , Gambia , WCA ,2010,2010,MICS,"The Gambia multiple indicator cluster survey 2010 (MICS): Final report. Banjul, The Gambia: GBOS, 2012", Historical Trend , Reanalyzed ,6.5,3.0,19.5,0.9,1.0,69.1
1292, GMB , Gambia , WCA ,2010-11,2010,Other,Gambia Integrated Household Survey Income and Expenditure Poverty Assessment-2010, Historical Trend , Reanalyzed ,7.2,3.7,20.8,0.6,1.8,65.8
804, GMB , Gambia , WCA ,2012,2012,SMART,National Nutrition Survey in the Gambia using the Standardised Monitoring and Assessment of Relief Transition (SMART) methods, Historical Trend , Reanalyzed ,6.3,3.2,17.6,0.3,0.8,71.8
250, GMB , Gambia , WCA ,2013,2013,DHS,"The Gambia Demographic and Health Survey 2013. Banjul, The Gambia, and Rockville, Maryland, USA: GBOS and ICF International, 2014.", Historical Trend , Reanalyzed ,8.6,2.4,20.4,1.8,1.4,65.4
2609, GMB , Gambia , WCA ,2018,2018,MICS,"The Gambia Multiple Indicator Cluster Survey 2018, Survey Findings Report. Banjul, The Gambia: The Gambia Bureau of Statistics", Historical Trend , Reanalyzed ,4.4,1.8,16.9,0.3,0.9,75.7
2272, GMB , Gambia , WCA ,2018,2018,Other,"Gambia National Micronutrient Survey 2018. Banjul, Gambia; 2019", Historical Trend , Reanalyzed ,4.7,1.4,11.7,0.5,2.0,79.7
4267, GMB , Gambia , WCA ,2019-20,2020,DHS,"The Gambia Demographic and Health Survey 2019- 20. Banjul, The Gambia and Rockville, Maryland, USA: GBoS and ICF", Latest Estimate , Reanalyzed ,3.6,1.5,15.7,0.3,1.8,77.1
252, GEO , Georgia , EECA ,2005,2005,MICS,Georgia monitoring the situation of children and women. Mulitple indicator cluster survey 2005., Historical Trend , Reanalyzed ,2.8,0.2,7.9,6.6,14.3,68.3
253, GEO , Georgia , EECA ,2009,2009,NNS,"Report of the Georgia national nutrition survey (GNNS) 2009. Tbilisi, Georgia: NCDC&PH and UNICEF, 2010.", Historical Trend , Reanalyzed ,1.2,0.1,6.2,5.4,14.4,72.7
2186, GEO , Georgia , EECA ,2018,2018,MICS,"Georgia Multiple Indicator Cluster Survey 2018, Survey Findings Report. Tbilisi, Georgia: National Statistics Office of Georgia.", Latest Estimate , Reanalyzed ,0.6,0.0,5.7,0.0,6.0,87.6
254, DEU , Germany , WE ,2003-06,2004,Other,"German Health Interview and Examination Survey for Children and Adolescents (KiGGS), Baseline Study: 2003-2006", Historical Trend , Reanalyzed ,1.0,0.1,1.1,0.0,3.9,94.0
1357, DEU , Germany , WE ,2014-17,2016,Other,German Health Interview and Examination Survey for Children and Adolescents KiGGS Wave 2: 2014-2017, Latest Estimate , Reanalyzed ,0.3,0.0,1.3,0.0,2.9,95.4
255, GHA , Ghana , WCA ,1988,1988,DHS,"Ghana demographic and health survey 1988. Demographic and Health Surveys. Ghana Statistical Service. Accra, Ghana, 1989", Historical Trend , Reanalyzed ,4.5,4.6,28.7,0.3,0.6,61.2
256, GHA , Ghana , WCA ,1993-94,1993,DHS,"Ghana demographic and health survey 1993. Demographic and Health Surveys. Calverton, Maryland: GSS and MI, 1994", Historical Trend , Reanalyzed ,9.6,4.9,27.1,0.8,2.2,55.4
1282, GHA , Ghana , WCA ,1997,1997,CWIQ,"Ghana Core Welfare Indicators Questionnaire Survey 1997, First round", Historical Trend , Reanalyzed ,5.6,2.6,31.5,0.7,1.3,58.3
257, GHA , Ghana , WCA ,1998-99,1998,DHS,"Ghana demographic and health survey 1998. Demographic and Health Surveys. Calverton, Maryland: GSS and MI, 1999", Historical Trend , Reanalyzed ,7.4,2.4,27.1,1.1,1.6,60.3
258, GHA , Ghana , WCA ,2003,2003,DHS,"Ghana demographic and health survey 2003. Demographic and Health Surveys. Calverton, Maryland: GSS, NMIMR, and ORC Macro, 2004", Historical Trend , Reanalyzed ,5.9,2.5,31.0,2.0,2.5,56.1
259, GHA , Ghana , WCA ,2006,2006,MICS,"Monitoring the situation of children, women and men. Ghana Multiple indicator cluster survey 2006.", Historical Trend , Reanalyzed ,4.3,1.7,25.1,1.1,1.5,66.3
260, GHA , Ghana , WCA ,2008,2008,DHS,"Ghana demographic and health survey 2008. Demographic and Health Surveys. Accra, Ghana: GSS, GHS, and ICF Macro, 2009", Historical Trend , Reanalyzed ,7.1,1.6,24.2,2.6,3.0,61.5
261, GHA , Ghana , WCA ,2011,2011,MICS,"Ghana multiple indicator cluster survey (MICS) with an enhanced malaria module and biomarker 2011: Final report. Accra, Ghana, 2012", Historical Trend , Reanalyzed ,4.8,1.4,20.4,1.0,1.7,70.8
262, GHA , Ghana , WCA ,2014,2014,DHS,"Ghana Demographic and Health Survey 2014. Rockville, Maryland, USA: GSS, GHS, and ICF International. ", Historical Trend , Reanalyzed ,3.4,1.3,16.6,0.9,1.8,76.1
2495, GHA , Ghana , WCA ,2017-18,2017,MICS,"Multiple Indicator Cluster Survey (MICS2017/18), Survey Findings Report. Accra, Ghana: GSS", Historical Trend , Reanalyzed ,5.3,1.5,15.6,0.4,1.0,76.2
9007, GHA , Ghana , WCA ,2022-23,2022,DHS,Ghana Demographic and Health Survey 2022, Latest Estimate , Reanalyzed ,4.0,1.8,15.3,0.3,1.7,77.0
4322, GRC , Greece , WE ,2003-04,2003,NNS,"Greece 2003-2004 Growth, Exercise and Nutrition Epidemiological Study In preSchoolers (The GENESIS) Study", Latest Estimate , Reanalyzed ,0.6,0.0,1.2,0.3,13.3,84.7
263, GTM , Guatemala , LAC ,1987,1987,DHS,"Encuesta nacional de salud materno infantil 1987. Demographic and Health Surveys. Ministerio de Salud Publica y Asistencia Social. Guatemala, Central America, 1989", Historical Trend , Reanalyzed ,0.9,1.5,58.8,1.8,1.0,36.0
264, GTM , Guatemala , LAC ,1995,1995,DHS,"Encuesta nacional de salud materno infantil 1995. Demographic and Health Surveys. Ciudad de Guatemala, Guatemala, 1996", Historical Trend , Reanalyzed ,1.6,2.2,49.9,3.4,2.8,40.1
265, GTM , Guatemala , LAC ,1998-99,1999,IDHS,"Encuesta nacional de salud materno infantil 1998-1999. Demographic and Health Surveys. Ciudad de Guatemala, Guatemala, 1999", Historical Trend , Reanalyzed ,1.8,1.1,48.8,3.2,3.7,41.4
266, GTM , Guatemala , LAC ,2000,2000,LSMS,"Guatemala Living Standards Measurement Survey 2000. Washington DC, United States: World Bank.", Historical Trend , Reanalyzed ,2.1,1.7,45.3,4.1,3.3,43.6
267, GTM , Guatemala , LAC ,2002,2002,RHS,"Guatemala encuesta nacional de salud materno infantil 2002. Ciudad de Guatemala, Republica de Guatemala: Oscar de Leon Palacios, 2003", Historical Trend , Reanalyzed ,0.8,1.1,51.2,2.5,2.7,41.7
268, GTM , Guatemala , LAC ,2008-09,2009,RHS,"Encuesta nacional de salud materno infantil 2008 (ENSMI-2008/09). Ciudad de Guatemala, Guatemala: Ministerio de Salud Pública, MSPAS, INE y CDC, 2010", Historical Trend , Reanalyzed ,0.4,0.6,49.7,1.2,3.6,44.4
4299, GTM , Guatemala , LAC ,2015,2015,Other,Sistema de Vigilancia Epidemiológica de Salud y Nutrición -SIVESNU- 2015, Historical Trend , Reanalyzed ,1.2,0.7,42.0,0.8,2.0,53.3
269, GTM , Guatemala , LAC ,2014-15,2015,DHS,"Encuesta Nacional de Salud Materno Infantil 2014-2015. Ciudad de Guatemala, Guatemala, 2015.", Latest Estimate , Reanalyzed ,0.3,0.4,44.7,1.6,3.4,49.6
271, GIN , Guinea , WCA ,1999,1999,DHS,"Enquête démographique et de santé, Guinée 1999. Demographic and Health Surveys. Direction Nationale de la Statistique. Conakry , Guinée, 2000", Historical Trend , Reanalyzed ,6.9,2.8,26.2,2.1,2.3,59.7
273, GIN , Guinea , WCA ,2005,2005,DHS,"Enquête démographique et de santé, Guinée 2005. Demographic and Health Surveys. Direction Nationale de la Statistique. Calverton, Maryland, U.S.A.: DNS et ORC Macro, 2006", Historical Trend , Reanalyzed ,7.2,3.8,32.8,2.7,2.5,51.0
274, GIN , Guinea , WCA ,2007-08,2007,Other,"Enquête nationale sur l'état nutritionnel et le suivi des principaux indicateurs de survie de l'enfant. Rapport provisoire, Mai 2008", Historical Trend , Reanalyzed ,5.5,1.7,29.3,3.0,3.4,57.1
275, GIN , Guinea , WCA ,2011-12,2012,SMART,"Enquête nationale nutrition-santé, basée sur la méthodologie SMART, 2011-12. Rapport final. Conakry, Republique de Guinée, 2012", Historical Trend , Reanalyzed ,2.9,2.2,30.8,1.4,1.7,61.0
856, GIN , Guinea , WCA ,2012,2012,DHS,"L’Enquête Démographique et de Santé et à Indicateurs Multiples en Guinée de 2012 : Rapport de synthèse. Calverton, Maryland, USA : INS et ICF International", Historical Trend , Reanalyzed ,7.6,2.4,27.0,1.7,2.1,59.2
1701, GIN , Guinea , WCA ,2016,2016,MICS,"Enquête par grappes à indicateurs multiples (MICS, 2016), Rapport final, Conakry, Guinée. 2017", Historical Trend , Reanalyzed ,5.8,2.3,28.4,1.7,2.3,59.6
2672, GIN , Guinea , WCA ,2018,2018,DHS,"Enquête Démographique et de Santé en Guinée 2018. Conakry, Guinée, et Rockville, Maryland, USA : INS et ICF", Historical Trend , Reanalyzed ,7.6,1.6,25.4,3.3,2.3,59.7
8954, GIN , Guinea , WCA ,2022,2022,SMART,EVALUATION NATIONALE DE LA SITUATION NUTRITIONNELLE PAR LA METHODOLOGIE SMART EN GUINEE 2022, Latest Estimate , Reanalyzed ,3.9,2.6,22.1,0.7,2.6,68.1
277, GNB , Guinea-Bissau , WCA ,2000,2000,MICS,"Multiple indicator cluster survey Guinea-Bissau, 2000 (MICS). Bissau, Guinea-Bissau: General Direction of Planning, National Institute of Statistics and Census and UNICEF, 2000", Historical Trend , Reanalyzed ,8.9,2.9,28.2,2.7,2.3,55.0
279, GNB , Guinea-Bissau , WCA ,2008,2008,SMART,"Enquête nutritionnel SMART. Evaluation de la situation nutritionnelle en Guinée Bissau: Rapport final, décembre 2008", Historical Trend , Reanalyzed ,2.8,2.0,25.4,0.6,1.6,67.7
280, GNB , Guinea-Bissau , WCA ,2010,2010,MICS,"Inquérito aos indicadores múltiplos (MICS), inquérito demográfico de saúde reprodutiva - Guiné-Bissau, 2010: Relatório final. Bissau, Guiné-Bissau, 2011.", Historical Trend , Reanalyzed ,3.6,2.3,28.5,1.1,1.6,62.8
831, GNB , Guinea-Bissau , WCA ,2012,2012,SMART,"Deuxieme Enquete Nationale Sur L’etat Nutritionnel Des Enfants De Moins De 5 Ans Et Des Femmes En Age De Procreer  (15 A 49 Ans) En Republique De Guinee-Bissau, Novembre-Decembre 2012", Historical Trend , Reanalyzed ,3.7,2.5,23.4,0.5,1.4,68.5
281, GNB , Guinea-Bissau , WCA ,2014,2014,MICS,"Inquérito aos Indicadores Múltiplos (MICS5) 2014, Relatório Final. Bissau, Guiné-Bissau: Ministério da Economia e Finanças e Direcção Geral do Plano/ Instituto Nacional de Estatística (INE)", Historical Trend , Reanalyzed ,3.7,2.2,24.6,0.8,1.5,67.2
4260, GNB , Guinea-Bissau , WCA ,2018-19,2019,MICS,"Inquérito aos Indicadores Múltiplos (MICS5) 2018-2019, Relatório Final. Bissau, Guiné-Bissau: Ministério da Economia e Finanças e Direcção Geral do Plano/ Instituto Nacional de Estatística (INE).", Historical Trend , Reanalyzed ,3.2,1.9,24.9,0.9,1.7,67.5
4165, GNB , Guinea-Bissau , WCA ,2019,2019,SMART,"Enquête nutritionnel SMART. Evaluation de la situation nutritionnelle en Guinée Bissau, 2019", Latest Estimate , Reanalyzed ,4.9,3.0,24.1,1.1,1.1,65.9
282, GUY , Guyana , LAC ,1993,1993,LSMS,Guyana 1993 Living Standards Measurement Survey, Historical Trend , Reanalyzed ,4.4,2.3,12.4,0.0,2.1,78.8
284, GUY , Guyana , LAC ,2000,2000,MICS,"Guyana multiple indicator cluster survey (MICS). Georgetown, Guyana, 2001", Historical Trend , Reanalyzed ,10.4,1.7,10.4,1.7,3.8,71.9
285, GUY , Guyana , LAC ,2006-07,2006,MICS,"Guyana multiple indicator cluster survey 2006, final report. Georgetown, Guyana: Bureau of Statistics and UNICEF, 2008", Historical Trend , Reanalyzed ,6.9,1.5,14.5,2.0,4.8,70.4
286, GUY , Guyana , LAC ,2009,2009,DHS,"Guyana demographic and health survey 2009. Demographic and Health Surveys. Georgetown, Guyana: MOH, BOS, and ICF Macro, 2010", Historical Trend , Reanalyzed ,4.5,1.0,16.3,2.0,4.7,71.5
287, GUY , Guyana , LAC ,2014,2014,MICS,"Guyana Multiple Indicator Cluster Survey 2014, Final Report. Georgetown, Guyana: Bureau of Statistics, Ministry of Public Health and UNICEF", Historical Trend , Reanalyzed ,5.7,0.7,9.5,1.1,4.2,78.8
2600, GUY , Guyana , LAC ,2019,2019,MICS,"Guyana Multiple Indicator Cluster Survey 2019-2020, Survey Findings  Report. Georgetown, Guyana: UNICEF", Latest Estimate , Reanalyzed ,5.6,0.8,7.5,0.8,5.7,79.6
289, HTI , Haiti , LAC ,1994-95,1994,DHS,"Enquête mortalité, morbidité et utlisation des services (EMMUS-II) Haiti 1994/95. Demographic and Health Surveys. Pétionville, Haiti, 1995", Historical Trend , Reanalyzed ,5.2,4.1,31.1,1.9,2.4,55.3
290, HTI , Haiti , LAC ,2000,2000,DHS,"Enquête mortalité, morbidité et utilisation des services, Haiti 2000. Demographic and Health Surveys. Calverton, Maryland: Ministère de la Santé Publique et de la Population, Institut Haitien de l'Enfance et ORC Macro, 2001", Historical Trend , Reanalyzed ,3.8,1.8,26.3,0.7,2.4,65.1
291, HTI , Haiti , LAC ,2005-06,2006,DHS,"Enquête mortalité, morbidité et utilisation des services, Haïti, 2005-2006. DHS. Calverton, Maryland, USA: Ministère de la Santé Publique et de la Population, Institut Haïtien de l'Enfance et Macro International Inc., 2007", Historical Trend , Reanalyzed ,6.8,3.4,24.6,1.5,2.4,61.2
292, HTI , Haiti , LAC ,2012,2012,DHS,"Enquête mortalité, morbidité et utilisation des services, Haïti, 2012. Demographic and Health Surveys. Calverton, Maryland, USA : MSPP, IHE et ICF International, 2012", Historical Trend , Reanalyzed ,3.6,1.6,19.3,1.2,2.4,72.0
1525, HTI , Haiti , LAC ,2016-17,2017,DHS,"Enquête Mortalité, Morbidité et Utilisation des Services (EMMUS-VI 2016-2017) Pétion-Ville, Haïti, et Rockville, Maryland, USA : IHE et ICF", Historical Trend , Reanalyzed ,2.7,1.0,20.1,0.9,2.5,72.8
9143, HTI , Haiti , LAC ,2023,2023,SMART,ENQUETE NUTRITIONNELLE NATIONALE ET DE MORTALITE RESTROSPECTIVE D’HAÏTI REALISEE PAR LA METHODOLOGIE SMART 2023, Latest Estimate , Reanalyzed ,3.3,1.6,19.2,1.1,2.7,71.9
294, HND , Honduras , LAC ,1991-92,1991,RHS,"Encuesta nacional de epidemiologia y salud familiar (ENESF), 1991/92. Tegucigalpa, Republica de Honduras, 1993", Historical Trend , Reanalyzed ,1.2,1.2,40.3,1.2,1.8,54.3
296, HND , Honduras , LAC ,1996,1996,Other,"National micronutrient survey Honduras 1996. Tegucigalpa, Republic of Honduras, 1997", Historical Trend , Reanalyzed ,0.5,0.9,42.0,0.5,2.0,54.3
297, HND , Honduras , LAC ,2001,2001,RHS,"Honduras encuesta nacional de epidemiologia y salud familiar ENESF-2001. Tegucigalpa, Honduras, 2002", Historical Trend , Reanalyzed ,0.6,0.6,34.4,0.5,2.5,61.4
2549, HND , Honduras , LAC ,2004,2004,LSMS,"Encuesta Nacional de Hogares sobre Condiciones de Vida (ENCOVI) Tegucigalpa, Honduras: National Institute of Statistics (Honduras)", Historical Trend , Reanalyzed ,1.3,0.8,29.9,0.8,3.5,63.8
298, HND , Honduras , LAC ,2005-06,2006,DHS,"Encuesta nacional de salud y demografía 2005-2006. Demographic and Health Surveys. Tegucigalpa, Honduras: SS, INE y Macro International, 2006", Historical Trend , Reanalyzed ,0.9,0.4,28.4,1.0,4.8,64.5
299, HND , Honduras , LAC ,2011-12,2012,DHS,"Encuesta nacional de salud y demografía 2011-2012. Demographic and Health Surveys. Tegucigalpa, Honduras: SS, INE e ICF International, 2013", Historical Trend , Reanalyzed ,1.0,0.4,21.6,0.6,4.6,71.9
2550, HND , Honduras , LAC ,2019,2019,MICS,Encuesta Nacional de Demografía y Salud/ Encuesta de Indicadores Múltiples por Conglomerados. Honduras 2019. Tegucigalpa., Latest Estimate , Reanalyzed ,1.4,0.5,17.8,0.4,4.1,75.8
302, IND , India , SA ,1992-93,1992,DHS,"National family health survey, India 1992-93. Demographic and Health Surveys. Bombay, India, 1995", Historical Trend , Reanalyzed ,10.1,11.0,44.3,1.9,1.3,31.5
304, IND , India , SA ,1998-00,1999,DHS,"National family health survey (NFHS-2) 1998-99. Demographic and Health Surveys. Mumbai, India, 2000", Historical Trend , Reanalyzed ,10.3,9.5,39.4,2.1,1.5,37.2
305, IND , India , SA ,2005-06,2006,DHS,"National family health survey (NFHS-3), 2005-06: India: Demographic and Health Surveys. Mumbai, India: IIPS, 2007", Historical Trend , Reanalyzed ,11.3,8.7,38.1,1.0,0.9,40.0
874, IND , India , SA ,2015-16,2015,DHS,"National Family Health Survey (NFHS-4), 2015-16: India. Mumbai: IIPS. 2017", Historical Trend , Reanalyzed ,14.4,6.3,30.2,1.3,1.1,46.6
3650, IND , India , SA ,2016-18,2017,NNS,Comprehensive National Nutrition Survey (CNNS) National Report. New Delhi, Historical Trend , Reanalyzed ,10.7,6.2,29.2,0.8,0.8,52.3
3810, IND , India , SA ,2019-21,2020,DHS,"National Family Health Survey (NFHS-5), 2019-21: India. Mumbai: IIPS", Latest Estimate , Reanalyzed ,13.7,5.0,28.4,2.0,1.5,49.4
2858, IDN , Indonesia , EAP ,2000,2000,Surveillance,Summary: Second Annual Report of the Nutrition and Health Surveillance System in Indonesia with data from the period 2000-2001 [2000 Extract], Historical Trend , Reanalyzed ,2.9,2.6,39.0,0.7,0.8,54.0
2859, IDN , Indonesia , EAP ,2001,2001,Surveillance,Summary: Second Annual Report of the Nutrition and Health Surveillance System in Indonesia with data from the period 2000-2001 [2001 Extract], Historical Trend , Reanalyzed ,2.9,2.5,38.5,0.6,0.9,54.6
317, IDN , Indonesia , EAP ,2004,2004,Other,"National Household Health Survey (SKRT) 2004,  Jakarta, Indonesia, 2007 ", Historical Trend , Reanalyzed ,12.4,2.0,24.3,2.3,2.8,56.2
2603, IDN , Indonesia , EAP ,2018,2018,Other,"National report on basic health research, RISKESDAS, 2018. Jakarta, Indonesia,", Historical Trend , Reanalyzed ,8.2,2.2,24.4,3.4,4.3,57.4
9063, IDN , Indonesia , EAP ,2019,2019,NNS,Survei Status Gizi Indonesia – SSGI 2019, Historical Trend , Reanalyzed ,6.3,2.3,23.0,1.4,2.6,64.5
9062, IDN , Indonesia , EAP ,2021,2021,NNS,Hasil Studi Status Gizi Indonesia (SSGI) 2021, Historical Trend , Reanalyzed ,4.9,2.2,21.5,0.7,3.1,67.6
9061, IDN , Indonesia , EAP ,2022,2022,NNS,Hasil Survei Status Gizi Indonesia (SSGI) 2022, Historical Trend , Reanalyzed ,5.0,2.5,18.6,0.5,3.0,70.4
9226, IDN , Indonesia , EAP ,2023,2023,Other,Survei Kesehatan Indonesia Tahun 2023 (SKI-2023), Latest Estimate , Reanalyzed ,6.1,2.3,18.5,1.2,3.1,68.8
327, IRQ , Iraq , MENA ,2000,2000,MICS,"Multiple indicator cluster survey (MICS) for the year 2000 (detailed report). Baghdad, Republic of Iraq: UNICEF, 2001", Historical Trend , Reanalyzed ,5.3,1.3,24.2,2.5,3.0,63.7
330, IRQ , Iraq , MENA ,2006,2006,MICS,"Iraq multiple indicator cluster survey 2006, Final report. Iraq, 2007", Historical Trend , Reanalyzed ,5.0,0.8,19.3,7.4,7.6,60.0
331, IRQ , Iraq , MENA ,2011,2011,MICS,"Iraq multiple indicator cluster survey (MICS) 2011: Final report. Baghdad, Iraq: The Central Statistics Organization and the Kurdistan Regional Statistics Office, 2012", Historical Trend , Reanalyzed ,5.4,1.1,15.6,5.4,6.0,66.6
2516, IRQ , Iraq , MENA ,2018,2018,MICS,"Iraq Multiple Indicator Cluster Survey 2018, Survey Findings Report. Baghdad, Iraq: CSO & KRSO", Latest Estimate , Reanalyzed ,2.8,0.3,10.3,2.0,4.0,80.6
3504, IRL , Ireland , WE ,2010-11,2011,NNS,Ireland 2010-2011 National Pre-School Nutrition Survey, Latest Estimate , Reanalyzed ,0.2,0.0,2.2,0.0,10.5,87.0
332, JAM , Jamaica , LAC ,1989,1989,LSMS,"Jamaica Living Standards and Measurement Survey 1989. Kingston: The World Bank, 1990", Historical Trend , Reanalyzed ,2.7,0.5,10.3,1.1,2.6,82.8
333, JAM , Jamaica , LAC ,1991-92,1991,LSMS,"Jamaica survey of living conditions - report 1991. Kingston: The Planning Institute of Jamaica (PIOJ)  and the Statistical Institute of Jamaica Statistical Institute of Jamaica (STATIN), 1992", Historical Trend , Reanalyzed ,5.2,0.3,10.9,0.5,1.7,81.3
334, JAM , Jamaica , LAC ,1992-93,1992,LSMS,"Jamaica survey of living conditions 1992. Kingston: The Planning Institute and the Statistical Institute of Jamaica, 1994", Historical Trend , Reanalyzed ,2.3,0.4,12.9,1.0,2.0,81.3
335, JAM , Jamaica , LAC ,1993-94,1993,LSMS,"Jamaica survey of living conditions 1993. Kingston: The Planning Institute of Jamaica (PIOJ)  and the Statistical Institute of Jamaica Statistical Institute of Jamaica (STATIN), 1995", Historical Trend , Reanalyzed ,4.0,0.5,10.3,1.8,2.8,80.6
336, JAM , Jamaica , LAC ,1994-95,1994,LSMS,"Jamaica survey of living conditions, 1994. Kingston: The Planning Institute of Jamaica (PIOJ)  and the Statistical Institute of Jamaica Statistical Institute of Jamaica (STATIN), 1996", Historical Trend , Reanalyzed ,2.9,0.1,10.7,1.3,4.9,80.1
337, JAM , Jamaica , LAC ,1995,1995,LSMS,"Jamaica survey of living conditions, 1995. Kingston: The Planning Institute of Jamaica (PIOJ)  and the Statistical Institute of Jamaica Statistical Institute of Jamaica (STATIN), 1997", Historical Trend , Reanalyzed ,4.1,0.6,7.7,1.4,4.6,81.6
338, JAM , Jamaica , LAC ,1996,1996,LSMS,"Jamaica survey of living conditions, 1996. Kingston: The Planning Institute of Jamaica (PIOJ)  and the Statistical Institute of Jamaica Statistical Institute of Jamaica (STATIN), 1997", Historical Trend , Reanalyzed ,1.7,0.9,9.9,0.5,3.3,83.8
339, JAM , Jamaica , LAC ,1997,1997,LSMS,"Jamaica survey of living conditions, 1997. Kingston: The Planning Institute of Jamaica (PIOJ)  and the Statistical Institute of Jamaica Statistical Institute of Jamaica (STATIN), 1998", Historical Trend , Reanalyzed ,1.9,0.3,7.8,0.6,4.9,84.5
340, JAM , Jamaica , LAC ,1998,1998,LSMS,"Jamaica survey of living conditions, 1998. Kingston: The Planning Institute of Jamaica (PIOJ)  and the Statistical Institute of Jamaica Statistical Institute of Jamaica (STATIN), 1999", Historical Trend , Reanalyzed ,2.4,0.2,8.7,0.7,3.7,84.4
341, JAM , Jamaica , LAC ,1999,1999,LSMS,"Jamaica survey of living conditions, 1999. Kingston: The Planning Institute of Jamaica (PIOJ)  and the Statistical Institute of Jamaica Statistical Institute of Jamaica (STATIN), 2000", Historical Trend , Reanalyzed ,2.3,0.2,5.2,0.4,6.0,86.1
342, JAM , Jamaica , LAC ,2000,2000,LSMS,"Jamaica survey of living conditions 2000. The Planning Institute of Jamaica (PIOJ)  and the Statistical Institute of Jamaica Statistical Institute of Jamaica (STATIN), 2001", Historical Trend , Reanalyzed ,2.9,0.2,6.8,0.2,7.1,82.8
343, JAM , Jamaica , LAC ,2001,2001,Other,"Jamaica survey of living conditions 2001. The Planning Institute of Jamaica (PIOJ)  and the Statistical Institute of Jamaica Statistical Institute of Jamaica (STATIN), 2002", Historical Trend , Reanalyzed ,2.5,0.7,5.2,0.7,5.1,85.8
344, JAM , Jamaica , LAC ,2002,2002,Other,"Jamaica survey of living conditions 2002. The Planning Institute of Jamaica (PIOJ)  and the Statistical Institute of Jamaica Statistical Institute of Jamaica (STATIN), 2003", Historical Trend , Reanalyzed ,2.3,0.1,6.9,1.2,7.3,82.2
345, JAM , Jamaica , LAC ,2004,2004,Other,"Jamaica survey of living conditions 2004. The Planning Institute of Jamaica (PIOJ)  and the Statistical Institute of Jamaica Statistical Institute of Jamaica (STATIN), 2005", Historical Trend , Reanalyzed ,4.3,0.2,4.4,0.2,7.3,83.6
346, JAM , Jamaica , LAC ,2006,2006,Other,"Jamaica survey of living conditions 2006. The Planning Institute of Jamaica (PIOJ)  and the Statistical Institute of Jamaica Statistical Institute of Jamaica (STATIN), 2013", Historical Trend , Reanalyzed ,3.5,0.2,6.6,0.8,5.3,83.6
347, JAM , Jamaica , LAC ,2007,2007,Other,"Jamaica survey of living conditions 2007. The Planning Institute of Jamaica (PIOJ)  and the Statistical Institute of Jamaica Statistical Institute of Jamaica (STATIN), 2013", Historical Trend , Reanalyzed ,2.2,0.4,3.8,1.2,7.6,84.8
348, JAM , Jamaica , LAC ,2008-09,2008,Other,"Jamaica survey of living conditions 2008. The Planning Institute of Jamaica (PIOJ)  and the Statistical Institute of Jamaica Statistical Institute of Jamaica (STATIN), 2013", Historical Trend , Reanalyzed ,2.4,0.2,5.4,1.4,6.3,84.4
349, JAM , Jamaica , LAC ,2010,2010,Other,"Jamaica survey of living conditions 2010. The Planning Institute of Jamaica (PIOJ)  and the Statistical Institute of Jamaica Statistical Institute of Jamaica (STATIN), 2013", Historical Trend , Reanalyzed ,4.5,0.3,5.3,0.4,3.7,85.8
350, JAM , Jamaica , LAC ,2012,2012,Other,"Jamaica survey of living conditions 2012. The Planning Institute of Jamaica (PIOJ)  and the Statistical Institute of Jamaica Statistical Institute of Jamaica (STATIN), 2015", Historical Trend , Reanalyzed ,2.8,0.2,4.6,2.0,5.7,84.7
1247, JAM , Jamaica , LAC ,2014,2014,Other,"Jamaica survey of living conditions 2014. The Planning Institute of Jamaica (PIOJ)  and the Statistical Institute of Jamaica Statistical Institute of Jamaica (STATIN), 2017", Historical Trend , Reanalyzed ,3.2,0.4,4.3,1.3,7.0,83.8
3764, JAM , Jamaica , LAC ,2016,2016,Other,"Jamaica survey of living conditions 2016. The Planning Institute of Jamaica (PIOJ)  and the Statistical Institute of Jamaica Statistical Institute of Jamaica (STATIN), 2019", Historical Trend , Reanalyzed ,3.1,0.3,7.7,1.3,5.5,82.2
4623, JAM , Jamaica , LAC ,2018-19,2018,Other,"Jamaica survey of living conditions 2018. The Planning Institute of Jamaica (PIOJ)  and the Statistical Institute of Jamaica Statistical Institute of Jamaica (STATIN), 2020", Latest Estimate , Reanalyzed ,3.2,0.0,4.6,0.0,5.7,86.5
352, JOR , Jordan , MENA ,1990,1990,DHS,"Jordan population and family health survey 1990. Demographic and Health Surveys. Ministry of Health. Amman, Jordan, 1992", Historical Trend , Reanalyzed ,3.6,0.5,16.7,2.8,5.7,70.8
353, JOR , Jordan , MENA ,1997,1997,DHS,"Jordan population and family health survey 1997. Demographic and Health Surveys. Calverton, Maryland: DOS and MI, 1998", Historical Trend , Reanalyzed ,2.0,0.4,9.6,1.1,3.2,83.8
354, JOR , Jordan , MENA ,2002,2002,DHS,"Jordan population and family health survey 2002. Demographic and Health Surveys. Calverton, Maryland, USA: Department of Statistics and ORC Macro, 2003", Historical Trend , Reanalyzed ,2.3,0.1,10.6,0.9,3.6,82.4
355, JOR , Jordan , MENA ,2009,2009,IDHS,"Jordan population and family health survey 2009. Demographic and Health Surveys. Calverton, Maryland, USA: Department of Statistics and ICF Macro, 2010", Historical Trend , Reanalyzed ,1.5,0.1,7.4,0.7,6.0,84.4
356, JOR , Jordan , MENA ,2012,2012,DHS,"Jordan population and family health survey 2012. Demographic and Health Surveys. Calverton, Maryland, USA: Department of Statistics and ICF International, 2013", Historical Trend , Reanalyzed ,2.1,0.3,6.9,0.6,4.1,86.0
2932, JOR , Jordan , MENA ,2019,2019,NNS,"Jordan National Micronutrient and Nutritional Survey 2019. Amman, Jordan; 2021.", Historical Trend , Reanalyzed ,0.2,0.4,6.0,1.0,8.1,84.2
9132, JOR , Jordan , MENA ,2023,2023,DHS,Jordan Population and Family and Health Survey 2023, Latest Estimate , Reanalyzed ,2.0,0.2,6.2,1.8,7.4,82.4
357, KAZ , Kazakhstan , EECA ,1995,1995,DHS,"Kazakhstan demographic and health survey 1995. Demographic and Health Surveys. Almaty, Kazakhstan, 1996", Historical Trend , Reanalyzed ,6.4,0.7,17.1,1.1,4.6,70.1
358, KAZ , Kazakhstan , EECA ,1999,1999,DHS,"Kazakhstan demographic and health survey 1999. Demographic and Health Surveys. Calverton, Maryland: Academy of Preventive Medicine [Kazakhstan] and Macro International Inc., 1999", Historical Trend , Reanalyzed ,2.5,0.0,12.4,0.8,4.1,80.2
359, KAZ , Kazakhstan , EECA ,2006,2006,MICS,"Kazakhstan multiple indicator cluster survey 2006. Final report. Astana, Kazakhstan: UNICEF and Agency of the Republic of Kazakhstan on Statistic, 2007", Historical Trend , Reanalyzed ,4.5,0.4,11.5,5.6,11.3,66.7
360, KAZ , Kazakhstan , EECA ,2010-11,2010,MICS,"Multiple indicator cluster survey (MICS) in the Republic of Kazakhstan (RK), 2010-2011. Final report. Astana, Kazakhstan: the Agency of Statistics, RK and the Republican State Enterprise Information Computing Center, 2012", Historical Trend , Reanalyzed ,3.7,0.4,8.1,4.6,8.7,74.5
361, KAZ , Kazakhstan , EECA ,2015,2015,MICS,"2015 Kazakhstan Multiple Indicator Cluster Survey, Final Report. Astana, Kazakhstan: The Statistics Committee of the Ministry of National Economy of the Republic of Kazakhstan, 2016.", Latest Estimate , Reanalyzed ,3.0,0.1,6.0,1.9,7.4,81.5
363, KEN , Kenya , ESA ,1993,1993,DHS,"Kenya demographic and health survey 1993. Demographic and Health Surveys. Central Bureau of Statistics. Nairobi, Kenya, 1994", Historical Trend , Reanalyzed ,4.2,3.0,34.8,2.4,3.4,52.3
364, KEN , Kenya , ESA ,1994,1994,Other,"Fifth child nutrition survey, 1994. Welfare monitoring survey. Nairobi, Kenya, 1995.", Historical Trend , Reanalyzed ,4.1,2.7,35.4,3.0,2.2,52.6
365, KEN , Kenya , ESA ,1998,1998,DHS,"Kenya demographic and health survey 1998. Demographic and Health Surveys. Central Bureau of Statistics. Calverton, Maryland: NDPD, CBS, and MI., 1999", Historical Trend , Reanalyzed ,6.0,2.6,31.3,2.9,4.6,52.6
366, KEN , Kenya , ESA ,2000,2000,MICS,"Kenya multiple indicator cluster survey 2000 (MICS). Government  of Kenya and Unicef. Nairobi, Kenya, 2002", Historical Trend , Reanalyzed ,4.5,2.9,32.9,5.0,3.2,51.6
367, KEN , Kenya , ESA ,2003,2003,DHS,"Kenya demographic and health survey 2003. Demographic and Health Surveys. Calverton, Maryland: CBS, MOH, and ORC Macro, 2004", Historical Trend , Reanalyzed ,4.1,2.1,31.3,2.4,3.3,56.7
368, KEN , Kenya , ESA ,2005-06,2005,Other,"Kenya integrated household budget survey (KIHBS), 2005/06: Revised edition, basic report. Nairobi, Kenya 2006", Historical Trend , Reanalyzed ,5.0,1.9,33.7,4.7,3.2,51.4
369, KEN , Kenya , ESA ,2008-09,2008,DHS,"Kenya demographic and health survey 2008-09. Demographic and Health Surveys. Calverton, Maryland: KNBS and ICF Macro, 2010", Historical Trend , Reanalyzed ,5.1,1.8,31.2,2.5,2.5,56.9
370, KEN , Kenya , ESA ,2014,2014,DHS,"Kenya demographic and health Survey (2014 KDHS): Final Report. Demongraphic and Health Surveys. Nairobi, Kenya: KNBS, Ministry of Health, NACC, KEMRI, NCPD, 2015", Historical Trend , Reanalyzed ,2.9,1.3,23.7,1.2,3.0,67.9
938, KEN , Kenya , ESA ,2015-16,2016,Other,Kenya 2015-16 Integrated Household Budget Survey (KIHBS), Historical Trend , Reanalyzed ,4.9,1.6,26.3,2.1,3.3,62.2
8917, KEN , Kenya , ESA ,2022,2022,DHS,Kenya Demographic and Health Survey 2022, Latest Estimate , Reanalyzed ,3.3,1.2,15.8,0.6,2.8,76.3
2286, KIR , Kiribati , EAP ,2018-19,2018,MICS,Kiribati 2018-2019 Social Development Indicator Survey, Latest Estimate , Reanalyzed ,2.7,0.8,13.9,0.4,1.7,80.4
2050, KWT , Kuwait , MENA ,2001,2001,Surveillance,"Kuwait Nutrition Surveillance System [KNSS] 2001. Kuwait city, Kuwait: Food & Nutrition Administration", Historical Trend , Reanalyzed ,2.1,0.1,3.1,0.7,10.4,83.7
2051, KWT , Kuwait , MENA ,2002,2002,Surveillance,"Kuwait Nutrition Surveillance System [KNSS] 2002. Kuwait city, Kuwait: Food & Nutrition Administration", Historical Trend , Reanalyzed ,2.0,0.2,2.8,0.6,6.0,88.5
2052, KWT , Kuwait , MENA ,2003,2003,Surveillance,"Kuwait Nutrition Surveillance System [KNSS] 2003. Kuwait city, Kuwait: Food & Nutrition Administration", Historical Trend , Reanalyzed ,2.4,0.2,3.1,0.7,6.1,87.5
2053, KWT , Kuwait , MENA ,2004,2004,Surveillance,"Kuwait Nutrition Surveillance System [KNSS] 2004. Kuwait city, Kuwait: Food & Nutrition Administration", Historical Trend , Reanalyzed ,3.3,0.1,3.1,1.0,6.2,86.4
2054, KWT , Kuwait , MENA ,2005,2005,Surveillance,"Kuwait Nutrition Surveillance System [KNSS] 2005. Kuwait city, Kuwait: Food & Nutrition Administration", Historical Trend , Reanalyzed ,3.2,0.1,3.4,1.0,6.5,85.8
2055, KWT , Kuwait , MENA ,2006,2006,Surveillance,"Kuwait Nutrition Surveillance System [KNSS] 2006. Kuwait city, Kuwait: Food & Nutrition Administration", Historical Trend , Reanalyzed ,2.8,0.2,3.8,0.8,8.4,84.0
2056, KWT , Kuwait , MENA ,2007,2007,Surveillance,"Kuwait Nutrition Surveillance System [KNSS] 2007. Kuwait city, Kuwait: Food & Nutrition Administration", Historical Trend , Reanalyzed ,3.5,0.1,3.7,1.3,7.2,84.3
2057, KWT , Kuwait , MENA ,2008,2008,Surveillance,"Kuwait Nutrition Surveillance System [KNSS] 2008. Kuwait city, Kuwait: Food & Nutrition Administration", Historical Trend , Reanalyzed ,2.2,0.1,3.5,1.4,8.0,84.8
2058, KWT , Kuwait , MENA ,2009,2009,Surveillance,"Kuwait Nutrition Surveillance System [KNSS] 2009. Kuwait city, Kuwait: Food & Nutrition Administration", Historical Trend , Reanalyzed ,1.7,0.0,2.8,0.9,8.1,86.4
2060, KWT , Kuwait , MENA ,2010,2010,Surveillance,"Kuwait Nutrition Surveillance System [KNSS] 2010. Kuwait city, Kuwait: Food & Nutrition Administration, 2013", Historical Trend , Reanalyzed ,2.3,0.0,3.0,1.0,6.8,86.8
2061, KWT , Kuwait , MENA ,2011,2011,Surveillance,"Kuwait Nutrition Surveillance System [KNSS] 2011. Kuwait city, Kuwait: Food & Nutrition Administration, 2013", Historical Trend , Reanalyzed ,1.6,0.0,3.2,0.8,7.5,86.8
2062, KWT , Kuwait , MENA ,2012,2012,Surveillance,"Kuwait Nutrition Surveillance System [KNSS] 2012. Kuwait city, Kuwait: Food & Nutrition Administration, 2013", Historical Trend , Reanalyzed ,2.3,0.1,3.4,0.8,8.7,84.7
2063, KWT , Kuwait , MENA ,2013,2013,Surveillance,"Kuwait Nutrition Surveillance System [KNSS] 2013. Kuwait city, Kuwait: Food & Nutrition Administration, 2015", Historical Trend , Reanalyzed ,2.8,0.0,4.6,0.9,6.5,85.1
2064, KWT , Kuwait , MENA ,2014,2014,Surveillance,"Kuwait Nutrition Surveillance System [KNSS] 2014. Kuwait city, Kuwait: Food & Nutrition Administration, 2015", Historical Trend , Reanalyzed ,2.5,0.1,4.6,1.2,7.5,84.1
873, KWT , Kuwait , MENA ,2015,2015,Surveillance,The Kuwait Nutrition Surveillance System [KNSS] 2015 Annual Report. Kuwait City. Food & Nutrition Administration, Historical Trend , Reanalyzed ,2.8,0.2,3.9,1.1,6.4,85.6
2687, KWT , Kuwait , MENA ,2016,2016,Surveillance,"Kuwait Nutrition Surveillance System [KNSS] 2016. Kuwait city, Kuwait: Food & Nutrition Administration", Historical Trend , Reanalyzed ,2.2,0.1,5.0,1.2,8.1,83.5
2688, KWT , Kuwait , MENA ,2017,2017,Surveillance,"Kuwait Nutrition Surveillance System [KNSS] 2017. Kuwait city, Kuwait: Food & Nutrition Administration", Historical Trend , Reanalyzed ,2.3,0.1,4.5,1.1,8.0,84.0
8049, KWT , Kuwait , MENA ,2018,2018,Surveillance,"Kuwait Nutrition Surveillance System [KNSS] 2018. Kuwait city, Kuwait: Food & Nutrition Administration", Historical Trend , Reanalyzed ,2.5,0.1,5.0,2.4,9.5,80.5
8050, KWT , Kuwait , MENA ,2019,2019,Surveillance,"Kuwait Nutrition Surveillance System [KNSS] 2019. Kuwait city, Kuwait: Food & Nutrition Administration", Historical Trend , Reanalyzed ,1.9,0.1,4.4,1.2,8.3,83.8
8051, KWT , Kuwait , MENA ,2020,2020,Surveillance,"Kuwait Nutrition Surveillance System [KNSS] 2020. Kuwait city, Kuwait: Food & Nutrition Administration", Historical Trend , Reanalyzed ,2.2,0.1,4.4,1.2,10.2,81.2
9136, KWT , Kuwait , MENA ,2021,2021,Surveillance,Kuwait Civil Registration and Vital Statistics (2021 Extract), Historical Trend , Reanalyzed ,3.0,0.0,4.9,0.9,10.7,80.1
9158, KWT , Kuwait , MENA ,2022,2022,Other,Kuwait Nutrition Surveillance System 2022, Historical Trend , Reanalyzed ,3.2,0.2,3.6,0.8,7.4,84.8
9227, KWT , Kuwait , MENA ,2023,2023,Surveillance,"Kuwait Nutrition Surveillance System [KNSS] 2023. Kuwait city, Kuwait: Food & Nutrition Administration", Latest Estimate , Reanalyzed ,3.5,0.0,2.6,0.6,7.5,85.8
388, KGZ , Kyrgyzstan , EECA ,1997,1997,DHS,"Kyrgyz Republic demographic and health survey 1997. Demographic and Health Surveys. Bishkek City, Kyrgyz Republic, 1998", Historical Trend , Reanalyzed ,2.5,0.9,28.0,3.6,6.0,59.2
389, KGZ , Kyrgyzstan , EECA ,2005-06,2006,MICS,"Multiple indicator cluster survey 2006, Kyrgyz Republic. Final report. Bishkek, Kyrgyzstan: National Statistical Committee of the Kyrkyz Republic and United Nations Children's Fund, 2007", Historical Trend , Reanalyzed ,3.2,0.1,13.7,4.3,6.4,72.3
391, KGZ , Kyrgyzstan , EECA ,2012,2012,DHS,"Kyrgyz Republic demographic and health survey 2012. Demographic and Health Surveys. Bishkek, Kyrgyz Republic, and Calverton, Maryland, USA: NSC, MOH, and ICF International, 2013", Historical Trend , Reanalyzed ,2.5,0.4,14.1,3.5,5.4,74.2
392, KGZ , Kyrgyzstan , EECA ,2014,2014,MICS,"Kyrgyzstan multiple indicator cluster survey 2014: Final Report (MICS). Bishkek, Kyrgyzstan: National Statistical Committee of the Kyrgyz Republic and UNICEF, 2014.", Historical Trend , Reanalyzed ,2.7,0.2,11.0,1.7,5.3,79.1
2102, KGZ , Kyrgyzstan , EECA ,2018,2018,MICS,"Kyrgyzstan Multiple Indicator Cluster Survey 2018, Survey Findings Report. Bishkek, Kyrgyzstan: National Statistical Committee of the Kyrgyz Republic and UNICEF. ", Historical Trend , Reanalyzed ,2.0,0.0,10.0,1.7,5.2,81.0
8936, KGZ , Kyrgyzstan , EECA ,2021,2021,NNS,NATIONAL INTEGRATED MICRONUTRIENT AND ANTHROPOMETRIC SURVEY OF THE KYRGYZ REPUBLIC 2021 (NIMAS), Historical Trend , Reanalyzed ,0.7,0.0,7.5,1.1,6.1,84.6
9211, KGZ , Kyrgyzstan , EECA ,2023,2023,MICS,"Kyrgyz Republic Multiple Indicator Cluster Survey 2023 Survey Findings Report September, 2024", Latest Estimate , Reanalyzed ,2.7,0.3,10.2,3.7,5.1,78.0
1224, LAO , Lao People's Democratic Republic , EAP ,2000,2000,MICS,"Laos Multiple Indicator Cluster Survey 2000. New York, United States: United Nations Children's Fund (UNICEF).", Historical Trend , Reanalyzed ,11.7,5.8,40.1,1.6,1.1,39.8
396, LAO , Lao People's Democratic Republic , EAP ,2006,2006,MICS,"Lao PDR multiple indicator cluster survey 2006, final report. Vientiane, Lao PDR: Department of Statistics and UNICEF, 2008", Historical Trend , Reanalyzed ,3.4,4.0,42.9,0.7,0.6,48.4
397, LAO , Lao People's Democratic Republic , EAP ,2011-12,2011,MICS-DHS,"Lao social indicator survey LSIS (MICS/DHS). Vientiane, Lao PDR: MoH and LSB, 2012", Historical Trend , Reanalyzed ,3.5,2.5,40.7,1.0,1.0,51.4
1405, LAO , Lao People's Democratic Republic , EAP ,2015,2015,Other,"Lao Child Anthropometry Assessment Survey: Add-On to the 2015 National Immunization Survey, Final Report, February 2016", Historical Trend , Reanalyzed ,6.0,3.6,30.7,1.2,1.3,57.2
2242, LAO , Lao People's Democratic Republic , EAP ,2017,2017,MICS-DHS,"Lao Social Indicator Survey II 2017, Survey Findings Report. Vientiane, Lao PDR: Lao Statistics Bureau and UNICEF", Latest Estimate , Reanalyzed ,6.7,2.3,29.0,1.7,1.8,58.4
8941, LVA , Latvia , WE ,2020-21,2021,Other,"P?T?JUMS PAR FIZISKO AKTIVIT?TI, UZTURA PARADUMIEM UN ?ERME?A MASAS INDEKSU 5-6 GAD?GIEM PIRMSSKOLAS VECUMA B?RNIEM LATVIJ?", Latest Estimate , Reanalyzed ,1.6,0.0,0.5,0.0,6.5,91.4
8846, LBN , Lebanon , MENA ,2021,2021,SMART,Lebanon National Nutrition SMART Survey, Latest Estimate , Reanalyzed ,1.1,0.3,6.6,0.1,4.4,87.4
403, LSO , Lesotho , ESA ,2004-05,2004,DHS,"Lesotho demographic and health survey 2004. Demographic and Health Surveys. Calverton, Maryland: MOH, BOS, and ORC Macro, 2005", Historical Trend , Reanalyzed ,3.9,1.7,39.5,3.5,3.1,48.3
404, LSO , Lesotho , ESA ,2009-10,2009,DHS,"Lesotho demographic and health survey 2009. Demographic and Health Surveys. Maseru, Lesotho: MOHSW and ICF Macro, 2010", Historical Trend , Reanalyzed ,3.1,0.7,35.3,3.3,4.0,53.6
405, LSO , Lesotho , ESA ,2014,2014,DHS,"Lesotho demographic and health survey (2014 LDHS): Key indicators. Demographic and Health Surveys. Maseru, Lesotho: Ministry of Health and ICF International, 2015", Historical Trend , Reanalyzed ,2.2,0.6,30.1,2.7,4.8,59.5
3508, LSO , Lesotho , ESA ,2018,2018,MICS,"Lesotho Multiple Indicator Cluster Survey 2018, Survey Findings Report. Maseru, Lesotho: Bureau of Statistics.", Historical Trend , Reanalyzed ,1.3,0.8,31.5,2.3,4.2,59.9
9208, LSO , Lesotho , ESA ,2023-24,2024,DHS,Lesotho Demograhic and Health Survey 2023-24, Latest Estimate , Reanalyzed ,,0.5,,2.2,,
406, LBR , Liberia , WCA ,1999-00,2000,NNS,"Liberia national nutrition survey 1999-2000. Monrovia, Liberia, 2001", Historical Trend , Reanalyzed ,3.4,4.0,38.8,2.5,2.1,49.2
407, LBR , Liberia , WCA ,2006-07,2007,DHS,"Liberia demographic and health survey 2007. Demographic and Health Surveys. Monrovia, Liberia: Liberia Institute of Statistics and Geo-Information Services (LISGIS) and Macro International Inc., 2008", Historical Trend , Reanalyzed ,5.7,2.2,35.0,2.4,1.8,52.9
408, LBR , Liberia , WCA ,2010,2010,CFSVA,The 2010 State of Food and Nutrition Security in Liberia., Historical Trend , Reanalyzed ,2.2,1.9,35.8,1.4,1.3,57.5
409, LBR , Liberia , WCA ,2013,2013,DHS,"Demographic and health survey 2013. Demographic and Health Surveys. Monrovia, Liberia: Liberia Institute of Statistics and Geo-Information Services (LISGIS) and ICF International, 2014", Historical Trend , Reanalyzed ,3.9,1.7,28.9,1.5,1.7,62.3
2670, LBR , Liberia , WCA ,2016,2016,SMART,Liberia 2016 National Nutrition and Mortality Survey, Historical Trend , Reanalyzed ,2.8,1.5,27.2,1.4,1.3,65.7
4192, LBR , Liberia , WCA ,2019-20,2019,DHS,"Liberia Demographic and Health Survey 2019-20. Monrovia, Liberia and Rockville, Maryland, USA/ Liberia Institute of Statistics and Geo-Information Services (LISGIS), Ministry of Health [Liberia], and ICF. 2021. ", Latest Estimate , Reanalyzed ,2.0,1.4,26.9,1.5,2.9,65.3
410, LBY , Libya , MENA ,1995,1995,PAPFAM,"Libyan maternal and child health survey. PAPCHILD Surveys. Cairo: The League of Arab States, 1997 ", Historical Trend , Reanalyzed ,3.3,0.3,15.0,5.8,7.6,68.0
8939, LBY , Libya , MENA ,2022,2022,SMART,Libya 2022 Nutrition Standardized Monitoring and Assessment of Relief and Transitions (SMART), Latest Estimate , Reanalyzed ,3.0,0.3,6.6,1.0,3.6,85.5
8994, LTU , Lithuania , WE ,2021,2021,Surveillance,Lithuania Child Health Monitoring Information System 2021, Latest Estimate , Reanalyzed ,4.3,0.1,0.6,0.1,4.0,91.0
412, MDG , Madagascar , ESA ,1992,1992,DHS,"Enquête nationale démographique et sanitaire 1992. Demographic and Health Surveys. Centre National de Recherches sur l'Environnement. Antananarivo, Madagascar, 1994", Historical Trend , Reanalyzed ,2.8,3.7,55.9,0.9,0.7,36.0
415, MDG , Madagascar , ESA ,1997,1997,DHS,"Enquête démographique et de santé, Madagascar 1997. Demographic and Health Surveys. Institut Nacional de la Statistique. Antananarivo, Madgascar, 1998", Historical Trend , Reanalyzed ,3.9,6.3,47.2,1.5,1.4,39.7
416, MDG , Madagascar , ESA ,2003-04,2004,DHS,"Enquête Démographique et de Santé de Madagascar 2003-2004. Demographic and Health Surveys. Calverton, Maryland, USA : INSTAT et ORC Macro, 2005", Historical Trend , Reanalyzed ,9.5,5.6,43.0,4.0,2.2,35.6
9228, MDG , Madagascar , ESA ,2004,2004,Other,"Enquête Anthropométrique et Développement de l'Enfant Madagascar 2004, Round 1", Historical Trend , Reanalyzed ,3.2,3.2,52.4,1.8,1.0,38.4
9229, MDG , Madagascar , ESA ,2011,2011,Other,"Enquête Anthropométrique et Développement de l'Enfant Madagascar 2011, Round 3", Historical Trend , Reanalyzed ,2.4,3.3,46.1,0.4,0.6,47.1
805, MDG , Madagascar , ESA ,2012-13,2012,Other,"Enquête Nationale Sur le Suivi des Objectifs du Millènaire pour le Dèveloppement Â Madagascar, 2012-2013", Historical Trend , Reanalyzed ,3.0,4.5,43.7,0.6,0.4,47.7
1750, MDG , Madagascar , ESA ,2018,2018,MICS,"Enquête par grappes à indicateurs multiples-MICS Madagascar 2018, Rapport final. Antananarivo, Madagascar : INSTAT et UNICEF 2019", Historical Trend , Reanalyzed ,3.3,3.1,37.9,0.6,0.8,54.2
5021, MDG , Madagascar , ESA ,2021,2021,DHS,"Enquête Démographique et de Santé à Madagascar,  2021 : Indicateurs Clés. Antananarivo, Madagascar et Rockville, Maryland, USA : INSTAT et ICF.", Latest Estimate , Reanalyzed ,4.4,2.9,36.0,1.0,0.9,54.9
418, MWI , Malawi , ESA ,1992,1992,DHS,"Malawi demographic and health survey 1992. Demographic and Health Surveys. National Statistics Office. Zomba, Malawi, 1993", Historical Trend , Reanalyzed ,3.3,3.3,46.5,5.7,4.1,37.2
420, MWI , Malawi , ESA ,1997-98,1998,LSMS,"A relative profile of poverty in Malawi, 1998: A quintile-based poverty analysis of the Malawi integrated household survey, 1997-98. Poverty Monitoring System. ", Historical Trend , Reanalyzed ,6.2,2.6,46.1,13.6,3.7,27.9
421, MWI , Malawi , ESA ,2000,2000,DHS,"Malawi demographic and health survey 2000. Demographic and Health Surveys. Zomba, Malawi and Calverton, Maryland, USA: National Statistical Office and ORC Macro, 2001", Historical Trend , Reanalyzed ,4.3,2.5,46.2,6.0,2.8,38.2
1201, MWI , Malawi , ESA ,2002,2002,CWIQ,Malawi 2002 Core Welfare Indicators Questionnaire Survey, Historical Trend , Reanalyzed ,3.7,2.6,48.5,7.2,2.8,35.2
422, MWI , Malawi , ESA ,2004-05,2004,DHS,"Malawi demographic and health survey 2004. Demographic and Health Surveys. Calverton, Maryland: NSO and ORC Macro, 2005", Historical Trend , Reanalyzed ,4.7,1.6,44.3,6.7,3.4,39.3
423, MWI , Malawi , ESA ,2006,2006,MICS,"Malawi multiple indicator cluster survey 2006, Final report. Lilongwe, Malawi: National Statistical Office and UNICEF, 2008.", Historical Trend , Reanalyzed ,2.9,1.3,44.3,7.5,3.8,40.2
425, MWI , Malawi , ESA ,2010,2010,DHS,"Malawi demographic and health survey 2010. Demographic and Health Surveys. Zomba, Malawi, and Calverton, Maryland, USA: NSO and ICF Macro. 2011 ", Historical Trend , Reanalyzed ,2.8,1.2,40.7,5.3,3.7,46.2
426, MWI , Malawi , ESA ,2013-14,2014,MICS,"Malawi MDG endline survey 2014. Final Report. Zomba, Malawi: National Statistical Office, 2014.", Historical Trend , Reanalyzed ,2.3,1.5,38.4,2.5,2.5,52.8
889, MWI , Malawi , ESA ,2015-16,2015,DHS,"Malawi Demographic and Health Survey 2015-16. Zomba, Malawi, and Rockville, Maryland, USA. NSO and ICF.", Historical Trend , Reanalyzed ,1.9,0.9,34.4,2.1,2.5,58.3
4145, MWI , Malawi , ESA ,2015-16,2016,Other,"Malawi Micronutrient Survey 2015-16. Atlanta, GA, USA: NSO, CHSU, CDC and Emory University", Historical Trend , Reanalyzed ,3.6,1.2,32.4,1.1,2.1,59.6
2400, MWI , Malawi , ESA ,2016,2016,SMART,Report of the Seven Nutrition Surveys Conducted in Flood Affected Livelihood Zones of Malawi - Assessment Period April - May 2016, Historical Trend , Reanalyzed ,1.1,1.3,42.2,0.7,1.5,53.2
3561, MWI , Malawi , ESA ,2016,2016,SMART,Report of the Seven Nutrition Surveys Conducted in Flood Affected Livelihood Zones of Malawi - Assessment Period November - December 2016, Historical Trend , Reanalyzed ,2.1,1.8,35.8,0.6,0.9,58.7
3562, MWI , Malawi , ESA ,2017,2017,SMART,Report of the Seven Nutrition Surveys Conducted in Flood Affected Livelihood Zones of Malawi - Assessment Period May 2017, Historical Trend , Reanalyzed ,1.3,1.1,37.7,0.5,1.1,58.3
3566, MWI , Malawi , ESA ,2018,2018,SMART,Report of the Seven Nutrition Surveys Conducted in Flood Affected Livelihood Zones of Malawi - Assessment Period January - February 2018, Historical Trend , Reanalyzed ,0.5,0.8,37.4,0.7,1.8,58.7
3651, MWI , Malawi , ESA ,2019,2019,SMART,Report of the Seven Nutrition Surveys Conducted in Flood Affected Livelihood Zones of Malawi - Assessment Period June - July 2019, Historical Trend , Reanalyzed ,0.4,0.3,39.2,1.4,2.4,56.3
4426, MWI , Malawi , ESA ,2019-20,2019,LSMS,Malawi Fifth Integrated Household Survey 2019-2020, Historical Trend , Reanalyzed ,2.8,0.9,30.7,3.7,3.0,59.1
3547, MWI , Malawi , ESA ,2019-20,2020,MICS,"Malawi Multiple Indicator Cluster Survey 2019-20, Survey Findings Report. Zomba, Malawi: National Statistical Office", Historical Trend , Reanalyzed ,1.5,1.0,32.9,1.6,2.8,60.2
4575, MWI , Malawi , ESA ,2020,2020,SMART,Report of the Round 7 Nutrition SMART Surveys Conducted in the Flood- and Drought- Prone Livelihood Zones of Malawi, Latest Estimate , Reanalyzed ,1.1,0.8,33.8,0.3,1.1,62.9
434, MYS , Malaysia , EAP ,2006,2006,Other,"Malaysia National Health And Morbidity Survey 2006. Kuala Lumpur, Malaysia: Institute for Public Health, Ministry of Health (Malaysia)", Historical Trend , Reanalyzed ,12.0,1.2,14.0,2.3,3.5,67.0
435, MYS , Malaysia , EAP ,2015,2015,Other,"National Health and Morbidity Survey 2015 (NHMS 2015), Kuala Lumpur, Malaysia: IPH, 2015.", Historical Trend , Reanalyzed ,6.7,1.3,14.6,1.9,5.2,70.3
1183, MYS , Malaysia , EAP ,2016,2016,Other,Malaysia National Health and Morbidity Survey 2016, Historical Trend , Reanalyzed ,9.9,1.7,16.2,2.9,3.1,66.2
4374, MYS , Malaysia , EAP ,2019,2019,Other,Malaysia National Health and Morbidity Survey (NHMS) 2019, Latest Estimate , Reanalyzed ,7.3,2.4,21.2,1.9,3.3,63.9
436, MDV , Maldives , SA ,1994,1994,NNS,"Nutritional status and child feeding practices of Maldivian children. Department of Public Health. Male, Maldives, 1994.", Historical Trend , Reanalyzed ,9.3,6.8,28.9,0.4,0.7,53.8
438, MDV , Maldives , SA ,1997-98,1997,Other,"Vulnerability and poverty assessment 1998. Malé, Republic of Maldives, 1999", Historical Trend , Reanalyzed ,12.3,9.5,33.8,3.4,3.4,37.6
439, MDV , Maldives , SA ,2001,2001,MICS,"Multiple indicator cluster survey (MICS 2) Maldives. Ministry of Health. Male, Republic of Maldives, 2001", Historical Trend , Reanalyzed ,8.1,5.3,24.3,2.2,1.6,58.4
440, MDV , Maldives , SA ,2009,2009,DHS,"Maldives demographic and health survey 2009. Demographic and Health Surveys. Calverton, Maryland: MOHF and ICF Macro, 2010", Historical Trend , Reanalyzed ,8.3,2.4,15.1,1.5,4.7,68.0
2784, MDV , Maldives , SA ,2016-17,2017,DHS,"Maldives Demographic and Health Survey 2016-17. Malé, Maldives, and Rockville, Maryland, USA: MOH and ICF", Latest Estimate , Reanalyzed ,7.6,1.5,12.9,0.9,4.0,73.1
441, MLI , Mali , WCA ,1987,1987,DHS,"Enquête démographique et de santé au Mali, 1987. Demographic and Health Surveys. Bamako, Mali, 1989", Historical Trend , Reanalyzed ,7.1,6.7,21.2,0.1,0.5,64.5
442, MLI , Mali , WCA ,1995-96,1996,DHS,"Enquête demographique et de santé Mali 1995-1996. Demographic and Health Surveys. Cellule de Planification et de Statistique. Bamako, Mali, 1996", Historical Trend , Reanalyzed ,17.7,9.6,25.5,1.1,1.1,44.9
443, MLI , Mali , WCA ,2001,2001,DHS,"Enquête démographique et de santé au Mali 2001. Demographic and Health Surveys. Calverton, Maryland, USA: CPS/MS, DNSI et ORC Macro, 2002", Historical Trend , Reanalyzed ,7.6,5.0,36.0,1.5,1.6,48.3
444, MLI , Mali , WCA ,2006,2006,DHS,"Enquête démographique et de santé du Mali 2006. DHS. Calverton, Maryland, USA: CPS/DNSI et Macro International Inc., 2007", Historical Trend , Reanalyzed ,10.7,4.8,30.6,2.2,2.4,49.3
857, MLI , Mali , WCA ,2009-10,2010,MICS,"Enquête par Grappes à Indicateurs Multiples 2009 - 2010, Rapport final, Bamako Mali, 2011 ", Historical Trend , Reanalyzed ,5.4,3.5,24.0,0.4,0.6,66.2
881, MLI , Mali , WCA ,2011,2011,SMART,"Enquête Nationale Nutritionnelle Anthropométrique et de Mortalité Rétrospective, Mali 2011", Historical Trend , Reanalyzed ,6.6,3.8,23.8,0.3,0.4,65.0
1620, MLI , Mali , WCA ,2014,2014,SMART,"Enquête Nutritionnelle et de Mortalité, Rétrospective, Mali, 2014", Historical Trend , Reanalyzed ,9.2,3.9,23.6,0.5,0.7,62.0
1810, MLI , Mali , WCA ,2015,2015,SMART,"Enquête Nutritionnelle Anthropométrique et de Mortalité rétrospective, Mali 2015", Historical Trend , Reanalyzed ,7.8,4.7,24.1,0.2,0.3,62.9
1178, MLI , Mali , WCA ,2015,2015,MICS,"Enquête par Grappes à Indicateurs Multiples au Mali (MICS-Mali), 2015, Résultats clés. Bamako, Mali, INSTAT", Historical Trend , Reanalyzed ,8.7,4.8,24.6,1.0,0.9,60.0
1615, MLI , Mali , WCA ,2016,2016,SMART,"Enquête Nutritionnelle et de Mortalité Rétrospective, Mali, 2016", Historical Trend , Reanalyzed ,6.8,3.9,22.3,0.2,0.3,66.6
1811, MLI , Mali , WCA ,2017,2017,SMART,"Enquête Nationale Nutritionnelle Anthropométrique et de Mortalité rétrospective suivant la méthodologie SMART, Mali 2017", Historical Trend , Reanalyzed ,7.8,2.7,21.0,0.9,0.8,66.9
2542, MLI , Mali , WCA ,2018,2018,SMART,"Enquête Nationale Nutritionnelle Anthropométrique et de Mortalité rétrospective suivant la méthodologie SMART, Mali 2018", Historical Trend , Reanalyzed ,6.5,3.3,20.4,0.5,0.6,68.8
2828, MLI , Mali , WCA ,2018,2018,DHS,"Enquête Démographique et de Santé au Mali 2018. Bamako, Mali et Rockville, Maryland, USA : INSTAT, CPS/SS-DS-PF et ICF", Historical Trend , Reanalyzed ,6.1,2.9,23.2,0.9,1.1,65.9
3622, MLI , Mali , WCA ,2019,2019,SMART,"Enquête Nationale Nutritionnelle Anthropométrique et de Mortalité rétrospective suivant la méthodologie SMART, Mali 2019", Historical Trend , Reanalyzed ,5.8,3.6,22.5,0.3,0.4,67.5
4501, MLI , Mali , WCA ,2020,2020,SMART,10ème Enquête Nutritionnelle Anthropométrique et de Mortalité Rétrospective basée sur la méthodologie SMART au Mali (SMART-2020 Mali), Historical Trend , Reanalyzed ,4.8,2.3,20.2,0.4,0.7,71.5
5032, MLI , Mali , WCA ,2021,2021,SMART,Rapport Finale de l'Enquete Nutritionnelle Anthropometrique et de Mortality Retrospective 11e Edition au Mali, Historical Trend , Reanalyzed ,6.5,2.9,18.9,0.4,0.5,70.9
8938, MLI , Mali , WCA ,2022,2022,SMART,ENQUÊTE NUTRITIONNELLE  ANTHROPOMETRIQUE ET DE MORTALITE RETROSPECTIVE EN SEPTEMBRE 2022 12 E EDITION AU MALI, Latest Estimate , Reanalyzed ,7.6,3.0,18.4,0.4,0.5,70.1
9231, MLT , Malta , WE ,2022,2022,NNS,Malta’s Recovery and Resilience Plan Data Collection 2022, Latest Estimate , Reanalyzed ,0.3,0.0,3.0,0.2,9.9,86.5
2279, MHL , Marshall Islands , EAP ,2017,2017,MICS-Style,"Republic of the Marshall Islands Integrated Child Health and Nutrition Survey 2017, Final Report. Majuro, Republic of the Marshall Islands: RMI Ministry of Health and Human Services, RMI Economic, Policy Planning and Statistic Office, 2017", Latest Estimate , Reanalyzed ,2.4,1.2,31.9,1.7,2.4,60.5
448, MRT , Mauritania , WCA ,2000-01,2000,DHS,"Enquête démographique et de santé Mauritanie 2000-2001. Demographic and Health Surveys. Calverton, Maryland, USA: ONS et ORC Macro, 2001", Historical Trend , Reanalyzed ,10.6,4.7,31.9,2.0,1.8,49.0
449, MRT , Mauritania , WCA ,2007,2007,MICS,"Enquête par grappes à indicateurs multiples, Mauritanie 2007. Nouakchott, Mauritania: ONS and UNICEF, 2008", Historical Trend , Reanalyzed ,9.6,4.0,26.3,1.1,1.2,57.8
450, MRT , Mauritania , WCA ,2008,2008,SMART,"Enquête rapide nationale sur la nutrition et survie de l'enfant en Mauritanie: Rapport final. Nouakchott, Mauritanie: ANED, ONS et UNICEF, Octobre-Novembre 2008", Historical Trend , Reanalyzed ,6.0,2.1,21.1,0.3,0.7,69.8
451, MRT , Mauritania , WCA ,2011,2011,MICS,"Suivi de la situation des femmes et des enfants. Enquête par grappes à indicateurs multiples (MICS) 2011: Rapport final. Nouakchott, Mauritanie: ONS, 2012.", Historical Trend , Reanalyzed ,9.5,4.4,23.8,1.6,1.7,59.1
452, MRT , Mauritania , WCA ,2012,2012,SMART,"Enquête nutritionnelle nationale utilisant la méthodologie SMART: Rapport Final. Nouakchott, Mauritanie, Juillet 2012", Historical Trend , Reanalyzed ,8.4,3.2,19.5,0.5,0.7,67.7
806, MRT , Mauritania , WCA ,2015,2015,MICS,"Mauritanie Enquête par Grappes à Indicateurs Multiples (MICS) 2015 - Rapport Final, Mars 2017", Historical Trend , Reanalyzed ,10.4,4.4,23.0,0.5,0.8,60.9
3115, MRT , Mauritania , WCA ,2018,2018,SMART,Rapport de l’enquête nutritionnelle nationale SMART Aout 2018, Historical Trend , Reanalyzed ,8.0,3.5,18.8,0.5,1.1,68.2
4164, MRT , Mauritania , WCA ,2019,2019,SMART,"Rapport de l’enquête nutritionnelle nationale SMART, Mauritanie Juillet 2019", Historical Trend , Reanalyzed ,8.6,2.5,16.5,0.4,0.8,71.2
4572, MRT , Mauritania , WCA ,2019-21,2020,DHS,"Enquête Démographique et  de Santé en Mauritanie 2019-2021. Nouakchott, Mauritanie et Rockville, Maryland, USA : ONS, MS, et ICF.", Historical Trend , Reanalyzed ,4.5,1.9,23.6,0.4,1.2,68.5
5022, MRT , Mauritania , WCA ,2021,2021,SMART,"Enquête nutritionnelle nationale SMART, Mauritanie 2021", Latest Estimate , Reanalyzed ,7.9,2.2,14.8,0.4,0.6,74.1
455, MEX , Mexico , LAC ,1988,1988,NNS,"Encuesta nacional de nutricion 1988. Instituto Nacional de Salud Publica. Cuernavaca, Mexico, 1990", Historical Trend , Reanalyzed ,4.7,1.4,23.3,2.2,3.8,64.6
458, MEX , Mexico , LAC ,1998-99,1998,NNS,"Encuesta nacional de nutricion 1999. Instituto Nacional de Salud Publica. Cuernavaca, Mexico, 2000", Historical Trend , Reanalyzed ,1.8,0.3,19.7,1.3,6.2,70.7
2154, MEX , Mexico , LAC ,2002,2002,Other,Mexico Family Life Survey (MFLS) 2002, Historical Trend , Reanalyzed ,2.3,0.2,16.7,2.0,5.3,73.5
4304, MEX , Mexico , LAC ,2005-06,2005,Other,"Encuesta Nacional sobre Niveles de Vida de los Hogares (ENNViH), MxFLS-2, 2005-2006", Historical Trend , Reanalyzed ,4.6,0.3,17.3,1.8,5.0,71.0
459, MEX , Mexico , LAC ,2005-06,2006,Other,"Encuesta nacional de salud y nutrición 2006. Cuernavaca, México: Instituto Nacional de Salud Pública, 2006", Historical Trend , Reanalyzed ,1.7,0.3,13.5,1.7,5.8,77.0
460, MEX , Mexico , LAC ,2011-12,2012,Other,"Encuesta nacional de salud y nutrición 2012. Resultados nacionales. Cuernavaca, México: Instituto Nacional de Salud Pública, 2012", Historical Trend , Reanalyzed ,1.4,0.1,12.0,1.5,7.5,77.4
809, MEX , Mexico , LAC ,2015,2015,MICS,"Encuesta Nacional de Niños, Niñas y Mujeres en México 2015 - Encuesta de Indicadores Múltiples por Conglomerados 2015, Resultados Principales, 2016", Historical Trend , Reanalyzed ,0.8,0.2,11.8,0.4,4.8,82.0
1170, MEX , Mexico , LAC ,2016,2016,Other,"Encuesta Nacional de Salud y Nutrición de Medio Camino ENSANUT MC 2016. Cuernavaca, México: Instituto Nacional de Salud Pública, 2016", Historical Trend , Reanalyzed ,1.7,0.3,9.4,0.4,5.0,83.3
3762, MEX , Mexico , LAC ,2018-19,2019,Other,"Encuesta nacional de salud y nutrición 2018. Cuernavaca, México: Instituto Nacional de Salud Pública, 2019", Historical Trend , Reanalyzed ,1.2,0.2,13.8,0.0,6.3,78.5
4469, MEX , Mexico , LAC ,2020,2020,Other,"Encuesta Nacional de Salud y Nutrición Continua COVID-19, Mexico 2020", Historical Trend , Reanalyzed ,1.4,0.1,12.9,0.9,7.2,77.4
6883, MEX , Mexico , LAC ,2021,2021,Other,"Encuesta Nacional de Salud y Nutrición Continua, Mexico 2021", Historical Trend , Reanalyzed ,1.4,0.3,12.2,0.4,6.8,78.9
6884, MEX , Mexico , LAC ,2022,2022,Other,"Encuesta Nacional de Salud y Nutrición Continua, Mexico 2022", Latest Estimate , Reanalyzed ,0.6,0.4,11.6,0.5,6.6,80.3
462, MNG , Mongolia , EAP ,1999,1999,NNS,"Report on the 2nd national child and nutrition survey, Mongolia 1999. Institute of Nutrition and Faculty of Medicine, Ramathibodi Hospital, Mahidol University, Thailand, 2000", Historical Trend , Reanalyzed ,3.4,0.9,26.5,2.7,4.3,62.3
463, MNG , Mongolia , EAP ,2000,2000,MICS,"Mongolia child and development survey - 2000 (MICS-2): National report 2001. Ulaanbaatar, Mongolia: National Statistics Office, 2001", Historical Trend , Reanalyzed ,5.5,1.6,23.0,5.2,7.4,57.3
464, MNG , Mongolia , EAP ,2004,2004,NNS,"Nutritional status of Mongolian children and women: 3rd National nutrition survey report. Ulaanbaatar, Mongolia, 2006.", Historical Trend , Reanalyzed ,0.3,0.3,22.0,1.2,4.9,71.3
465, MNG , Mongolia , EAP ,2005,2005,MICS,"Mongolia Child and Development 2005 survey (MICS-3), final report. Ulaanbaatar, Mongolia, 2007 ", Historical Trend , Reanalyzed ,2.1,0.6,21.2,5.7,8.5,62.0
466, MNG , Mongolia , EAP ,2010,2010,NNS,"Population nutrition status. Fourth national survey report. Ulaanbaatar, Mongolia: NTC, 2013", Historical Trend , Reanalyzed ,1.6,0.2,13.4,1.9,4.7,78.2
966, MNG , Mongolia , EAP ,2010,2010,MICS,2010 Child Development Survey MICS-4 Final Report, Historical Trend , Reanalyzed ,1.3,0.3,13.0,2.0,8.9,74.5
467, MNG , Mongolia , EAP ,2013,2013,MICS,"Social indicator sample survey 2013 (MICS). Final Report.Ulaanbaatar, Mongolia: National Statistical Office, 2014.", Historical Trend , Reanalyzed ,0.9,0.1,9.2,1.5,9.0,79.4
2230, MNG , Mongolia , EAP ,2016,2016,NNS,Nutrition Status of the Population of Mongolia: Fifth National Nutrition Survey Report, Historical Trend , Reanalyzed ,0.9,0.3,5.7,1.3,10.4,81.5
3262, MNG , Mongolia , EAP ,2018,2018,MICS,"Social Indicator Sample Survey-2018, Survey Findings Report. Ulaanbaatar, Mongolia: National Statistical Office of Mongolia", Latest Estimate , Reanalyzed ,0.9,0.1,7.5,1.9,8.7,81.1
468, MNE , Montenegro , EECA ,2005-06,2005,MICS,"Montenegro multiple indicator cluster survey 2005, Final report. Podgorica, Montenegro: MONSTAT, SMMRI and UNICEF, 2006", Historical Trend , Reanalyzed ,4.1,0.2,4.4,3.3,12.4,75.6
469, MNE , Montenegro , EECA ,2013,2013,MICS,"2013 Montenegro multiple indicator cluster survey: Final report. Podgorica, Montenegro: MONSTAT and UNICEF, 2014.", Historical Trend , Reanalyzed ,2.8,0.0,3.7,5.7,16.6,71.2
3302, MNE , Montenegro , EECA ,2018-19,2018,MICS,"2018 Montenegro multiple indicator cluster survey (MICS): Final report. Podgorica, Montenegro: MONSTAT and UNICEF, 2019", Latest Estimate , Reanalyzed ,1.9,0.2,6.3,0.6,6.7,84.2
470, MAR , Morocco , MENA ,1987,1987,DHS,"Enquête national sur la planification familiale, la fécondité et la santé de la population au Maroc (ENPS) 1987. Demographic and Health Surveys. Ministère de la Santé Publique. Rabat, Maroc, 1989", Historical Trend , Reanalyzed ,2.7,1.2,27.7,2.1,3.5,62.8
471, MAR , Morocco , MENA ,1992,1992,DHS,"Enquête nationale sur la population et la santé (ENPS-II) 1992. Demographic and Health Surveys. Rabat, Royaume du Maroc, 1993", Historical Trend , Reanalyzed ,1.8,0.9,25.7,3.6,7.2,60.9
472, MAR , Morocco , MENA ,1996-97,1997,PAPFAM,"Enquête de santé materno-infantil sur la population Marocaine 1996-97. Pan Arab project for child development (PAPCHILD). Rabat, Maroc, 2000", Historical Trend , Reanalyzed ,4.1,0.7,21.1,7.2,6.5,60.5
473, MAR , Morocco , MENA ,2003-04,2003,DHS,"Enquête dur la population et la santé familiale (EPSF) 2003-2004. Demographic and Health Surveys. Calverton, Maryland, USA: Ministère de la Santé et ORC Macro, 2005", Historical Trend , Reanalyzed ,9.9,0.9,16.4,5.7,7.6,59.4
474, MAR , Morocco , MENA ,2010-11,2011,PAPFAM,"Enquête nationale sur la population et la santé familiale (ENPSF) 2010-2011. Rabat, Royaume de Maroc: Ministère de la Santé, 2012", Historical Trend , Reanalyzed ,2.1,0.2,12.3,2.5,8.3,74.7
2228, MAR , Morocco , MENA ,2017-18,2017,PAPFAM,Enquête Nationale sur la Population et la Santé Familiale (ENPSF) -2017-2018, Latest Estimate , Reanalyzed ,2.5,0.1,11.5,3.5,7.5,75.0
476, MOZ , Mozambique , ESA ,1997,1997,DHS,"Moçambique inquérito demográfico e de saude 1997. Demographic and Health Surveys. Instituto Nacional de Estatistica. Maputo, Moçambique, 1998", Historical Trend , Reanalyzed ,8.3,3.9,34.6,4.2,1.9,47.3
477, MOZ , Mozambique , ESA ,2000-01,2001,CWIQ,"Questionario de indicadores basicos de bem-estar (QUIBB): Relatorio final. Maputo, Moçambique: Instituto Nacional de Estadisticas, 2001 ", Historical Trend , Reanalyzed ,5.2,2.9,42.5,5.3,3.6,40.6
478, MOZ , Mozambique , ESA ,2003-04,2003,DHS,"Moçambique inquérito demográfico e de saúde 2003. Demographic and Health Surveys. Calverton, Maryland, USA: Instituto Nacional de Estatística, Ministério da Saúde and ORC Macro, 2005", Historical Trend , Reanalyzed ,2.9,2.5,41.1,3.4,2.9,47.2
479, MOZ , Mozambique , ESA ,2008,2008,MICS,"Mozambique multiple indicator cluster survey 2008 (MICS). Maputo, Mozambique: INE, 2009", Historical Trend , Reanalyzed ,2.5,1.7,39.9,1.9,1.7,52.3
480, MOZ , Mozambique , ESA ,2011,2011,DHS,"Moçambique inquérito demográfico e de Saúde 2011. Demographic and Health Surveys. Calverton, Maryland, USA: MISAU, INE e ICFI, 2013 ", Historical Trend , Reanalyzed ,4.5,1.7,36.6,4.7,3.2,49.4
2485, MOZ , Mozambique , ESA ,2014-15,2015,Other,"Relatório final do Inquérito ao Orçamento Familiar - IOF, 2014/15", Historical Trend , Reanalyzed ,2.7,1.7,36.9,3.7,3.3,51.7
4625, MOZ , Mozambique , ESA ,2019-20,2020,Other,"Relatório final do Inquérito ao Orçamento Familiar - IOF, 2019/20", Historical Trend , Reanalyzed ,2.2,1.7,33.7,2.0,2.6,57.8
9069, MOZ , Mozambique , ESA ,2022-23,2022,DHS,Inquérito Demográfico e de Saúde em Moçambique 2022–23, Latest Estimate , Reanalyzed ,2.4,1.4,33.8,1.5,1.7,59.2
486, MMR , Myanmar , EAP ,2000,2000,MICS,"Union of Myanmar monitoring national programme of action goals though multiple indicator cluster survey 2000. Yangon, Myanmar, 2001", Historical Trend , Reanalyzed ,5.9,4.8,35.0,1.1,1.3,51.9
487, MMR , Myanmar , EAP ,2003,2003,MICS-Style,"Multiple indicator cluster survey 2003 (MICS). Yangon, Myanmar, 2004", Historical Trend , Reanalyzed ,7.3,4.4,34.5,3.8,3.1,46.9
811, MMR , Myanmar , EAP ,2015-16,2016,DHS,Myanmar Demographic and Health Survey 2015-16: Final Report. 2016, Latest Estimate , Reanalyzed ,5.1,1.5,27.3,0.6,0.9,64.6
489, NAM , Namibia , ESA ,1992,1992,DHS,"Namibia demographic and health survey 1992. Demographic and Health Surveys. Windhoek, Republic of Namibia, 1993", Historical Trend , Reanalyzed ,5.9,3.8,29.8,2.0,2.5,56.0
490, NAM , Namibia , ESA ,2000,2000,DHS,"Namibia demographic and health survey 2000 (Demographic and Health Surveys). Windhoek, Namibia: MOHSS, 2003", Historical Trend , Reanalyzed ,6.7,3.3,24.3,1.7,1.6,62.4
491, NAM , Namibia , ESA ,2006-07,2007,DHS,"Namibia demographic and health survey 2006-07. Demographic and Health Surveys. Windhoek, Namibia and Calverton, Maryland, USA: MoHSS and Macro International Inc., 2008", Historical Trend , Reanalyzed ,5.0,2.5,25.2,1.4,3.3,62.5
492, NAM , Namibia , ESA ,2013,2013,DHS,"The Namibia demographic and health survey 2013. Demographic and Health Surveys. Windhoek, Namibia, and Rockville, Maryland, USA: MoHSS and ICF International, 2014", Latest Estimate , Reanalyzed ,5.6,1.5,19.9,1.3,2.7,69.0
3995, NRU , Nauru , EAP ,2020,2020,MICS,Nauru 2020 Multiple Indicator Cluster Survey, Latest Estimate , Reanalyzed ,1.3,0.0,14.1,1.7,6.6,76.4
495, NPL , Nepal , SA ,1996,1996,DHS,"Nepal family health survey, 1996. Demographic and Health Surveys. Ministry of Health. Kathmandu, Nepal, 1997", Historical Trend , Reanalyzed ,5.7,9.4,45.7,0.5,0.5,38.3
496, NPL , Nepal , SA ,1997-98,1998,Other,"Nepal micronutrient status survey 1998. Kathmandu, Nepal: Ministry of Health, Child Health Division, HMG/N, New ERA, Micronutrient Initiative, UNICEF Nepal and WHO, 2000", Historical Trend , Reanalyzed ,2.7,5.3,55.6,0.2,0.2,36.0
497, NPL , Nepal , SA ,2001,2001,DHS,"Nepal demographic and health survey 2001. Demographic and Health Surveys. Calverton, Maryland, USA: Family Health Division, Ministry of Health; New ERA; and ORC Macro, 2002 ", Historical Trend , Reanalyzed ,5.2,6.1,49.6,0.4,0.3,38.4
498, NPL , Nepal , SA ,2006,2006,DHS,"Nepal demographic and health survey 2006. Demographic and Health Surveys. Kathmandu, Nepal: Ministry of Health and Population, New ERA, and Macro International Inc., 2007", Historical Trend , Reanalyzed ,6.2,6.5,42.4,0.3,0.4,44.3
499, NPL , Nepal , SA ,2011,2011,DHS,"Nepal demographic and health survey 2011. Demographic and Health Surveys. Kathmandu, Nepal: Ministry of Health and Population, New ERA, and ICF International, Calverton, Maryland 2012", Historical Trend , Reanalyzed ,7.1,4.0,35.4,0.6,0.9,51.9
500, NPL , Nepal , SA ,2014,2014,MICS,Nepal Multiple Indicator Cluster Survey 2014: Final Report, Historical Trend , Reanalyzed ,7.3,4.0,32.1,1.0,1.1,54.5
2564, NPL , Nepal , SA ,2016,2016,Other,"Nepal National Micronutrient Status Survey, 2016. Kathmandu, Nepal: Ministry of Health and Population, Nepal 2018", Historical Trend , Reanalyzed ,5.7,5.6,31.2,0.4,0.6,56.5
1404, NPL , Nepal , SA ,2016-17,2016,DHS,"Nepal Demographic and Health Survey 2016. Kathmandu, Nepal: Ministry of Health, Nepal. 2017", Historical Trend , Reanalyzed ,6.4,3.2,32.4,0.4,0.8,56.8
2744, NPL , Nepal , SA ,2019,2019,MICS,"Nepal Multiple Indicator Cluster Survey 2019, Survey Findings Report. Kathmandu, Nepal: Central Bureau of Statistics and UNICEF Nepal.", Historical Trend , Reanalyzed ,8.7,3.3,26.7,1.6,1.0,58.7
8920, NPL , Nepal , SA ,2022,2022,DHS,Nepal Demographic and Health Survey 2022, Latest Estimate , Reanalyzed ,4.2,2.8,21.8,0.2,1.2,69.9
4326, NLD , Netherlands (Kingdom of the) , WE ,1996-97,1996,Other,The Netherlands Fourth Growth Study, Historical Trend , Reanalyzed ,1.2,0.0,1.2,0.1,2.6,94.9
4327, NLD , Netherlands (Kingdom of the) , WE ,2008-09,2009,Other,Netherlands 2008-2010 Nationwide Growth Study, Latest Estimate , Reanalyzed ,1.0,0.0,1.2,0.2,3.6,93.9
501, NIC , Nicaragua , LAC ,1993,1993,LSMS,"Nicaragua 1993 living standards measurement survey (LSMS). Washington, D.C.: The World Bank, 1997", Historical Trend , Reanalyzed ,2.0,0.6,26.9,2.1,3.4,65.1
502, NIC , Nicaragua , LAC ,1997-98,1998,DHS,"Encuesta nicaragüense de demografia y salud 1998. Demographic and Health Surveys.Instituto Nacional de Estadisticas y Censos. Managua, Nicaragua, 1999", Historical Trend , Reanalyzed ,2.6,0.8,27.2,2.5,4.4,62.5
1161, NIC , Nicaragua , LAC ,1998-99,1998,LSMS,Encuesta Nacional de Hogares sobre Medición de Niveles de Vida (ENMV), Historical Trend , Reanalyzed ,2.2,0.8,21.8,0.8,2.7,71.7
829, NIC , Nicaragua , LAC ,2001,2001,LSMS,2001 Encuesta Nacional de Hogares sobre Medición de Nivel de Vida (EMNV), Historical Trend , Reanalyzed ,0.8,0.3,22.1,1.5,3.6,71.8
503, NIC , Nicaragua , LAC ,2001,2001,DHS,"Encuesta nicaragüense de demografia y salud 2001. Demographic and Health Surveys. Calverton, Maryland, USA: INEC, MINSA, and ORC Macro, 2002", Historical Trend , Reanalyzed ,1.7,0.6,22.4,2.0,5.1,68.1
1160, NIC , Nicaragua , LAC ,2005,2005,LSMS,2005 Encuesta Nacional de Hogares sobre Medición de Nivel de Vida (EMNV), Historical Trend , Reanalyzed ,0.6,0.4,19.8,1.2,4.2,73.8
505, NIC , Nicaragua , LAC ,2006-07,2007,RHS,"Encuesta nicaragüense de demografía y salud ENDESA 2006/07, informe final. Managua, Nicaragua: INIDE y CDC, 2008", Historical Trend , Reanalyzed ,1.1,0.3,21.3,1.4,4.7,71.1
812, NIC , Nicaragua , LAC ,2011-12,2012,Other,Encuesta Nicaragüense de Demografía y Salud 2011/12 - Informe Final, Latest Estimate , Reanalyzed ,1.7,0.4,15.3,1.5,6.7,74.3
507, NER , Niger , WCA ,1992,1992,DHS,"Enquête démographique et de santé, Niger 1992. Demographic and Health Surveys. Niamey, Niger, 1993", Historical Trend , Reanalyzed ,10.1,8.7,35.8,0.8,1.2,43.4
508, NER , Niger , WCA ,1998,1998,DHS,"Enquête démographique et de santé, Niger 1998. Demographic and Health Surveys. Calverton, Maryland, U.S.A.: Care International/Niger et Macro International Inc., 1998", Historical Trend , Reanalyzed ,13.5,12.3,33.7,0.5,0.6,39.4
509, NER , Niger , WCA ,2000,2000,MICS,"Enquete a indicateurs multiples 2000 (MICS2). Niamey, Niger, 2000", Historical Trend , Reanalyzed ,6.6,9.6,43.0,0.9,0.7,39.2
510, NER , Niger , WCA ,2006,2006,DHS,"Enquête démographique et de santé et à indicateurs multiples du Niger 2006. Demographic and Health Surveys and MICS-3. Calverton, Maryland, USA : INS et Macro International Inc., 2007", Historical Trend , Reanalyzed ,6.5,6.1,46.3,2.4,1.0,37.7
883, NER , Niger , WCA ,2006,2006,SMART,"Rapport d’enquête nationale Nutrition et Survie de l’Enfant, Niger 2006", Historical Trend , Reanalyzed ,4.5,7.1,43.4,0.5,0.4,44.2
884, NER , Niger , WCA ,2007,2007,SMART,"Rapport d’enquête nationale Nutrition et Survie de l’Enfant Niger, mai/juin 2007", Historical Trend , Reanalyzed ,4.6,7.9,41.2,0.1,0.2,46.0
885, NER , Niger , WCA ,2008,2008,SMART,"Rapport d’enquête nationale Nutrition et Survie de l’Enfant Niger, juin/juillet 2008 Rapport final,", Historical Trend , Reanalyzed ,5.2,8.5,35.3,0.0,0.1,50.8
815, NER , Niger , WCA ,2009,2009,SMART,"Rapport d’enquête nationale Nutrition et Survie de l’Enfant, Niger, mai/juin 2009, Rapport final, octobre 2009", Historical Trend , Reanalyzed ,4.8,7.7,37.7,0.1,0.1,49.6
813, NER , Niger , WCA ,2010,2010,SMART,"Rapport d’enquête nationale, Nutrition, Niger Mai Juin 2010 - Rapport Final", Historical Trend , Reanalyzed ,6.1,10.1,37.6,0.1,0.0,46.0
3592, NER , Niger , WCA ,2010,2010,SMART,"Enquête nationale, Nutrition, Niger (Octobre-Novembre 2010)", Historical Trend , Reanalyzed ,5.5,10.4,37.0,0.0,0.1,47.1
814, NER , Niger , WCA ,2011,2011,SMART,"Rapport d’enquête nationale, Nutrition, Niger, Mai/Juin 2011, Rapport final juillet 2011", Historical Trend , Reanalyzed ,5.0,7.5,43.3,0.1,0.0,44.0
511, NER , Niger , WCA ,2012,2012,DHS,"Enquête démographique et de santé et indicateurs multiples du Niger 2012. Demographic and Health Surveys and MICS. Calverton, Maryland, USA: INS et ICF International, 2013", Historical Trend , Reanalyzed ,10.8,7.5,34.6,1.5,1.6,44.1
886, NER , Niger , WCA ,2012,2012,SMART,"Rapport d’enquête nationale Nutrition Niger, Juin/Juillet 2012", Historical Trend , Reanalyzed ,6.2,7.2,32.3,0.3,0.5,53.5
816, NER , Niger , WCA ,2013,2013,SMART,"Rapport d’enquête nationale, Nutrition, Niger, Mai/juin 2013, Rapport final Septembre 2013", Historical Trend , Reanalyzed ,5.3,7.1,35.2,0.2,0.3,51.9
817, NER , Niger , WCA ,2014,2014,SMART,"Rapport d’enquête nationale, Nutrition, Niger, Juin/juillet 2014, Rapport Final septembre 2014", Historical Trend , Reanalyzed ,6.6,7.6,34.5,0.2,0.3,50.8
887, NER , Niger , WCA ,2015,2015,SMART,Etude nationale d’evaluation d’indicateurs socio-economiques et demographiques (ENISED), Historical Trend , Reanalyzed ,5.9,7.7,38.4,0.3,0.2,47.5
888, NER , Niger , WCA ,2016,2016,SMART,Evaluation Nationale De La Situation Nutritionnelle par la Methodologie SMART Au Niger 2016, Historical Trend , Reanalyzed ,4.5,5.9,34.8,0.6,0.5,53.7
3163, NER , Niger , WCA ,2018,2018,SMART,"Rapport final de l'enquête nationale de nutrition avec la méthodologie SMART, 2018", Historical Trend , Reanalyzed ,5.0,9.2,38.8,0.5,0.5,46.0
3830, NER , Niger , WCA ,2019,2019,SMART,"Enquête nationale de nutrition avec la méthodologie SMART - 2019, Niger", Historical Trend , Reanalyzed ,4.1,5.7,40.7,0.7,0.7,48.2
4500, NER , Niger , WCA ,2020,2020,SMART,"Enquête nationale de nutrition avec la méthodologie SMART, Niger Septembre/Octobre 2020", Historical Trend , Reanalyzed ,5.5,6.5,37.9,0.9,0.7,48.5
5788, NER , Niger , WCA ,2021,2021,SMART,"Enquête Nutritionnelle et de Mortalite Retrospective au Niger, Decembre 2021", Historical Trend , Reanalyzed ,5.1,6.4,37.5,0.6,0.7,49.8
8948, NER , Niger , WCA ,2022,2022,SMART,Enquete Nutritionnelle et de Mortalite Retrospective au Niger, Latest Estimate , Reanalyzed ,4.5,6.4,40.4,0.9,0.3,47.5
512, NGA , Nigeria , WCA ,1990,1990,DHS,"Nigerian demographic and health survey 1990. Demographic and Health Surveys. Federal Office of Statistics, Lagos, Nigeria, 1992", Historical Trend , Reanalyzed ,6.6,5.1,41.9,1.7,1.5,43.2
514, NGA , Nigeria , WCA ,2003,2003,DHS,"Nigeria demographic and health survey 2003. Demographic and Health Surveys. Calverton, Maryland: National Population Commission and ORC Macro, 2004", Historical Trend , Reanalyzed ,7.3,3.9,34.9,3.7,2.6,47.6
517, NGA , Nigeria , WCA ,2011,2011,MICS,"Nigeria multiple indicator cluster survey 2011 (MICS): Monitoring the situation of children and women. Abuja, Nigeria, 2011", Historical Trend , Reanalyzed ,6.5,3.7,30.6,1.5,1.5,56.2
519, NGA , Nigeria , WCA ,2014,2014,SMART,"Summary findings of national nutrition and health survey, 9th feb to 5th May 2014, Nigeria: SMART methods", Historical Trend , Reanalyzed ,4.7,3.2,29.4,0.9,0.9,60.9
818, NGA , Nigeria , WCA ,2015,2015,SMART,"National Nutrition and Health Surveys (NNHS) - Report on The Nutrition and Health Situation of Nigeria, November 2015", Historical Trend , Reanalyzed ,4.3,3.1,29.2,0.8,0.8,61.9
1625, NGA , Nigeria , WCA ,2016-17,2016,MICS,"Multiple Indicator Cluster Survey 2016-17, Final Report. Abuja, Nigeria: National Bureau of Statistics and United Nations Children’s Fund. 2017", Historical Trend , Reanalyzed ,5.3,5.5,37.2,0.9,0.7,50.5
2566, NGA , Nigeria , WCA ,2018,2018,SMART,Nigeria National Nutrition and Health Survey 2018, Historical Trend , Reanalyzed ,3.8,3.0,29.6,0.5,0.7,62.4
3200, NGA , Nigeria , WCA ,2018,2018,DHS,"Nigeria Demographic and Health Survey 2018. Abuja, Nigeria, and Rockville, Maryland, USA: NPC and ICF. 2019", Historical Trend , Reanalyzed ,3.6,3.2,32.8,0.8,1.2,58.3
4185, NGA , Nigeria , WCA ,2019-20,2020,SMART,Nigeria National Nutrition and Health Survey 2019, Latest Estimate , Reanalyzed ,3.9,2.6,28.3,0.6,0.9,63.7
660, MKD , North Macedonia , EECA ,2005,2005,MICS,"Republic of North Macedonia - multiple indicator cluster survey 2005-06. Final report. Skopje: State Statistical Office of the Republic of North Macedonia, 2007", Historical Trend , Reanalyzed ,3.3,0.1,7.0,4.2,12.0,73.4
661, MKD , North Macedonia , EECA ,2011,2011,MICS,"Multiple indicator cluster survey 2011 (MICS). Skopje, North Macedonia: Ministry of Health, Ministry of Education and Science,  Ministry of Labour and Social Policy, 2012.", Historical Trend , Reanalyzed ,1.6,0.2,3.7,1.0,11.4,82.0
2243, MKD , North Macedonia , EECA ,2018-19,2019,MICS,"2018-2019 North Macedonia Multiple Indicator Cluster Survey, Survey  Findings  Report. Skopje, North Macedonia: State Statistical Office and UNICEF. ", Latest Estimate , Reanalyzed ,3.1,0.2,3.0,1.1,10.1,82.5
521, OMN , Oman , MENA ,1994-95,1994,VAD Survey,"National study on the prevalence of vitamin A deficiency (VAD) among children 6 months to 7 years. Muscat, Sultanate of Oman, 1995", Historical Trend , Reanalyzed ,6.3,0.8,20.4,0.2,0.9,71.5
522, OMN , Oman , MENA ,1999,1999,Other,"Oman Protein-Energy Malnutrition Survey 1999. Muscat, Oman: Ministry of Health (Oman)", Latest Estimate , Reanalyzed ,6.3,1.5,13.8,0.5,1.1,76.7
526, PAK , Pakistan , SA ,1990-91,1991,DHS,"Pakistan demographic and health survey 1990/91. Demographic and Health Surveys. National Institute of Population Studies. Islamabad, Pakistan, 1992", Historical Trend , Reanalyzed ,6.7,5.8,45.1,3.1,2.3,37.0
529, PAK , Pakistan , SA ,2001,2001,NNS,"National nutrition survey 2001-2002. Islamabad, Pakistan: Planning Commission, Government of Pakistan and UNICEF, 2004", Historical Trend , Reanalyzed ,9.1,5.0,33.5,2.9,1.9,47.6
530, PAK , Pakistan , SA ,2011,2011,NNS,"National nutrition survey Pakistan, 2011. Islamabad, Pakistan: Aga Khan University, PMRC, Government of Pakistan and UNICEF, 2012", Historical Trend , Reanalyzed ,9.9,5.1,34.1,4.4,2.2,44.3
531, PAK , Pakistan , SA ,2012-13,2013,DHS,"Pakistan demographic and health survey 2012-13. Demographic and Health Surveys. Islamabad, Pakistan, and Calverton, Maryland, USA: NIPS and ICF International, 2013", Historical Trend , Reanalyzed ,5.5,5.0,37.4,2.6,2.2,47.3
2405, PAK , Pakistan , SA ,2017-18,2018,DHS,"Pakistan Demographic and Health Survey 2017-18. Islamabad, Pakistan, and Rockville, Maryland, USA: NIPS and ICF", Latest Estimate , Reanalyzed ,4.3,2.8,33.7,1.1,1.3,56.8
532, PAN , Panama , LAC ,1997,1997,LSMS,"Encuesta de niveles de vida. 1997 Panama living standards survey (LSMS). Ciudad de Panama, Republica de Panama, 1998", Historical Trend , Reanalyzed ,0.9,0.5,15.1,1.2,5.1,77.2
533, PAN , Panama , LAC ,2003,2003,LSMS,"Segunda encuesta de niveles de vida - 2003. Panama City, Republica de Panama, 2006.", Historical Trend , Reanalyzed ,1.1,0.5,17.7,5.5,5.6,69.5
534, PAN , Panama , LAC ,2008,2008,LSMS,"Encuesta de niveles de vida, 2008. Panama City, Republica de Panama, 2009.", Historical Trend , Reanalyzed ,0.9,0.3,16.2,2.5,7.2,72.9
4502, PAN , Panama , LAC ,2019,2019,Other,Encuesta Nacional de Salud de Panamá 2019, Latest Estimate , Reanalyzed ,0.8,0.2,14.4,1.3,10.2,73.1
537, PNG , Papua New Guinea , EAP ,2009-11,2010,Other,"2009-2010 Papua New Guinea household income and expenditure survey: Summary tables. Port Moresby: National Statistical Office, 2013", Latest Estimate , Reanalyzed ,10.3,3.7,38.4,7.3,6.4,33.8
538, PRY , Paraguay , LAC ,1990,1990,DHS,"Encuesta nacional de demografia y salud 1990. Demographic and Health Surveys. Asuncion, Paraguay, 1991", Historical Trend , Reanalyzed ,0.4,0.2,16.7,1.4,4.9,76.4
539, PRY , Paraguay , LAC ,2005,2005,Other,"Encuesta Permanente de Hogares, Paraguay 2005. Asunción, Paraguay: Department of Statistics, Surveys and Censuses (Paraguay).", Historical Trend , Reanalyzed ,0.8,0.3,15.0,1.8,5.0,77.1
540, PRY , Paraguay , LAC ,2011-12,2012,Other,Encuesta de Ingresos y Gastos y de Condiciones de Vida EIGCV 2011/2012, Historical Trend , Reanalyzed ,2.1,0.5,8.0,2.2,9.1,78.1
1630, PRY , Paraguay , LAC ,2016,2016,MICS,Encuesta de Indicadores Multiples por Conglomerados MICS Paraguay 2016, Latest Estimate , Reanalyzed ,0.9,0.1,5.0,0.6,11.9,81.6
541, PER , Peru , LAC ,1991-92,1991,DHS,"Encuesta demografica y de salud familiar 1991/1992. Demographic and Health Surveys. Lima, Peru, 1992", Historical Trend , Reanalyzed ,1.3,0.6,33.5,3.3,6.0,55.3
542, PER , Peru , LAC ,1996,1996,DHS,"Peru demographic and health survey 1996. Demographic and Health Surveys.  Instituto Nacional de Estadistica e Informacion. Lima, Peru, 1997", Historical Trend , Reanalyzed ,1.2,0.4,28.5,2.7,7.3,59.9
4334, PER , Peru , LAC ,1997,1997,Other,Monitoreo de Indicadores Nutricionales en la Encuesta Nacional de Hogares 1997, Historical Trend , Reanalyzed ,0.5,0.4,35.0,3.4,5.1,55.5
4335, PER , Peru , LAC ,1998,1998,Other,Monitoreo de Indicadores Nutricionales en la Encuesta Nacional de Hogares 1998, Historical Trend , Reanalyzed ,0.6,0.3,30.7,3.0,5.5,59.9
4336, PER , Peru , LAC ,1999,1999,Other,Monitoreo de Indicadores Nutricionales en la Encuesta Nacional de Hogares 1999, Historical Trend , Reanalyzed ,0.7,0.4,32.8,2.8,6.8,56.5
4337, PER , Peru , LAC ,2000,2000,Other,Monitoreo de Indicadores Nutricionales en la Encuesta Nacional de Hogares 2000, Historical Trend , Reanalyzed ,1.4,0.3,34.3,3.1,7.0,53.9
543, PER , Peru , LAC ,2000,2000,DHS,"Encuesta demografica y de salud familiar 2000. Demographic and Health Surveys. Lima, Peru and Calverton, Maryland, USA: Instituto Nacional de Estadistica e Informacion y ORC Macro, 2001", Historical Trend , Reanalyzed ,0.8,0.3,27.6,3.4,8.4,59.4
4338, PER , Peru , LAC ,2001,2001,Other,Monitoreo de Indicadores Nutricionales en la Encuesta Nacional de Hogares 2001, Historical Trend , Reanalyzed ,0.8,0.2,33.8,3.3,5.9,56.0
1917, PER , Peru , LAC ,2005,2005,CDHS,"Perú Encuesta Demográfica y de Salud Familiar - ENDES Continua 2005. Lima, Perú: INEI/Peru and ORC Macro", Historical Trend , Reanalyzed ,0.9,0.1,27.0,2.2,6.9,62.9
545, PER , Peru , LAC ,2007-08,2007,CDHS,"Encuesta demografica y de salud familiar. Informe principal: ENDES continua 2007-2008.  Demographic and Health Surveys. Lima, Peru: INEI, USAID y ORC Macro, 2009", Historical Trend , Reanalyzed ,0.6,0.2,25.4,2.4,7.5,63.9
546, PER , Peru , LAC ,2009,2009,CDHS,"Encuesta demografica y de salud familiar - ENDES continua 2009.  Demographic and Health Surveys. Lima, Peru: INEI, USAID y ORC Macro, 2010", Historical Trend , Reanalyzed ,0.4,0.2,22.2,1.5,8.8,66.9
547, PER , Peru , LAC ,2010,2010,CDHS,"Encuesta demografica y de salud familiar - ENDES continua 2010.  Demographic and Health Surveys. Lima, Peru: INEI, USAID y ORC Macro, 2011 ", Historical Trend , Reanalyzed ,0.4,0.3,21.8,1.2,6.8,69.4
4309, PER , Peru , LAC ,2009-11,2010,Other,Monitoreo de Indicadores Nutricionales en la Encuesta Nacional de Hogares 2009 y 2011, Historical Trend , Reanalyzed ,0.8,0.4,19.4,1.0,7.1,71.3
548, PER , Peru , LAC ,2011,2011,CDHS,"Encuesta demografica y de salud familiar - ENDES continua 2011. Demographic and Health Surveys. Lima, Peru: INEI, USAID y ORC Macro, 2012", Historical Trend , Reanalyzed ,0.2,0.2,18.7,0.6,8.2,72.1
4310, PER , Peru , LAC ,2011-12,2012,Other,"Monitoreo de Indicadores Nutricionales en la Encuesta Nacional de Hogares, Peru 2011 y 2012", Historical Trend , Reanalyzed ,1.0,0.7,17.7,0.5,5.3,74.7
549, PER , Peru , LAC ,2012,2012,CDHS,"Encuesta demografica y de salud familiar - ENDES continua 2012. Demographic and Health Surveys. Lima, Peru: INEI, USAID y ORC Macro, 2013", Historical Trend , Reanalyzed ,0.4,0.2,17.7,0.5,6.7,74.5
550, PER , Peru , LAC ,2013,2013,CDHS,"Encuesta demografica y de salud familiar - ENDES continua 2013. Demographic and Health Surveys. Lima, Peru: INEI, 2014.", Historical Trend , Reanalyzed ,0.3,0.1,16.8,0.6,7.8,74.3
551, PER , Peru , LAC ,2014,2014,CDHS,"Perú Encuesta Demográfica y de Salud Familiar - ENDES 2014. Lima, Perú: INEI/Perú. ", Historical Trend , Reanalyzed ,0.5,0.1,14.3,0.4,8.4,76.3
9159, PER , Peru , LAC ,2015-16,2015,Other,Peru Vigilancia Alimentaria y Nutricional por etapas de vida – 2015-16                  , Historical Trend , Reanalyzed ,0.4,0.1,10.7,0.4,6.3,82.1
880, PER , Peru , LAC ,2015,2015,DHS-Style,Encuesta Demográfica y de Salud Familiar-ENDES 2015 Nacional y Departamental, Historical Trend , Reanalyzed ,0.4,0.2,14.1,0.4,7.8,77.1
9160, PER , Peru , LAC ,2016,2016,Other,Peru Vigilancia Alimentaria y Nutricional por etapas de vida - VIANEV 2016., Historical Trend , Reanalyzed ,1.2,0.2,11.9,0.3,6.7,79.7
1384, PER , Peru , LAC ,2016,2016,DHS-Style,Encuesta Demográfica y de Salud Familiar-ENDES 2016 Nacional y Departamental , Historical Trend , Reanalyzed ,0.4,0.2,12.6,0.2,7.4,79.1
1986, PER , Peru , LAC ,2017,2017,DHS-Style,Encuesta Demográfica y de Salud Familiar-ENDES 2017 Nacional y Departamental, Historical Trend , Reanalyzed ,0.3,0.2,12.3,0.3,7.8,79.1
2593, PER , Peru , LAC ,2018,2018,DHS-Style,Encuesta Demográfica y de Salud Familiar-ENDES 2018 Nacional y Departamental , Historical Trend , Reanalyzed ,0.3,0.1,11.7,0.3,8.2,79.3
3625, PER , Peru , LAC ,2019,2019,DHS-Style,Encuesta Demográfica y de Salud Familiar-ENDES 2019 Nacional y Departamental, Historical Trend , Reanalyzed ,0.3,0.1,11.8,0.3,7.8,79.7
9161, PER , Peru , LAC ,2019,2019,Other,Peru Encuesta Vigilancia Alimentaria y Nutricional por Etapas de Vida - 2019, Historical Trend , Reanalyzed ,0.7,0.3,12.3,0.5,7.1,79.1
4589, PER , Peru , LAC ,2020-21,2020,DHS-Style,Encuesta Demográfica y de Salud Familiar-ENDES 2020 Nacional y Departamental, Historical Trend , Reanalyzed ,0.3,0.1,11.0,0.3,10.3,77.9
5148, PER , Peru , LAC ,2021,2021,DHS-Style,Encuesta Demográfica y de Salud Familiar-ENDES 2021 Nacional y Departamental, Historical Trend , Reanalyzed ,0.2,0.2,11.1,0.3,9.4,78.8
9108, PER , Peru , LAC ,2022-23,2022,DHS-Style,Encuesta Demográfica y de Salud Familiar-ENDES 2022 Nacional y Departamental, Historical Trend , Reanalyzed ,0.3,0.1,11.1,0.4,8.6,79.4
9175, PER , Peru , LAC ,2023,2023,DHS-Style,Peru Encuesta Demográfica y de Salud Familiar-ENDES 2023 Nacional y Departamental, Latest Estimate , Reanalyzed ,0.4,0.2,11.0,0.4,7.1,81.0
557, PHL , Philippines , EAP ,2003,2003,NNS,"Sixth National Nutrition Survey: Philippines, 2003.  Food and Nutrition Research Institute, 2004.", Historical Trend , Reanalyzed ,3.4,2.4,30.9,0.3,1.8,61.2
558, PHL , Philippines , EAP ,2008-09,2008,NNS,"7th national nutrition survey. Manila, Philippines: FNRI-DOST, 2010", Historical Trend , Reanalyzed ,4.4,2.3,29.3,0.5,2.4,61.2
559, PHL , Philippines , EAP ,2011,2011,NNS,Philippines Updating of Nutritional Status of Filipino Children and Other Population Groups 2011., Historical Trend , Reanalyzed ,4.7,2.3,30.4,0.8,2.9,58.9
560, PHL , Philippines , EAP ,2013-14,2013,NNS,8th National nutrition survey Philippines 2013. Manila: FNRI - DOST, Historical Trend , Reanalyzed ,5.4,2.2,26.7,1.1,3.4,61.2
1131, PHL , Philippines , EAP ,2015,2015,NNS,Philippines 2015 National Nutrition Survey - Updating Survey Results, Historical Trend , Reanalyzed ,4.3,2.5,29.7,0.8,2.5,60.2
3548, PHL , Philippines , EAP ,2018-19,2018,NNS,"Philippine Nutrition Facts and Figures: 2018 Expanded National Nutrition Survey (ENNS). FNRI Bldg., DOST Compound, Gen. Santos Avenue, Bicutan, Taguig City, Metro Manila, Philippines.", Historical Trend , Reanalyzed ,,2.3,,0.5,,
4186, PHL , Philippines , EAP ,2019,2019,NNS,Philippines 2019 Expanded National Nutrition Survey (ENNS), Historical Trend , Reanalyzed ,3.8,1.9,26.2,0.4,2.5,65.2
8937, PHL , Philippines , EAP ,2021-22,2021,NNS,Philippines 2021 Expanded National Nutrition Survey (ENNS), Latest Estimate , Reanalyzed ,3.7,1.7,24.3,0.6,3.3,66.3
4323, POL , Poland , WE ,2010-12,2011,Other,"The prevalence of overweight and obesity among polish pre-school-aged children. Developmental Period Medicine,2016:XX,2", Historical Trend , Reanalyzed ,0.7,0.0,0.8,0.0,5.0,93.5
9233, POL , Poland , WE ,2019-20,2019,NNS,National Diet Survey And the nutritional status of the Polish population, Latest Estimate , Reanalyzed ,0.7,0.1,0.9,0.0,7.7,90.6
4437, PRT , Portugal , WE ,2015-16,2016,Other,"Inquérito Alimentar Nacional e de Atividade Física, IAN-AF 2015-2016", Latest Estimate , Reanalyzed ,0.6,0.0,3.2,0.1,7.0,89.2
9234, QAT , Qatar , MENA ,2021,2021,Surveillance,Health Center Data from Primary Health Care Corporation Qatar [2021 Extract], Historical Trend , Reanalyzed ,1.6,0.1,4.5,0.8,10.3,82.8
9235, QAT , Qatar , MENA ,2022,2022,Surveillance,Health Center Data from Primary Health Care Corporation Qatar [2022 Extract], Historical Trend , Reanalyzed ,1.7,0.1,5.4,0.8,9.8,82.3
9236, QAT , Qatar , MENA ,2023,2023,Surveillance,Health Center Data from Primary Health Care Corporation Qatar [2023 Extract], Latest Estimate , Reanalyzed ,1.9,0.2,5.4,0.7,9.3,82.5
6856, KOR , Republic of Korea , EAP ,2010-12,2011,NHANES,"South Korea National Health and Nutrition Examination Survey, 2010-2012", Historical Trend , Reanalyzed ,0.3,0.0,1.3,0.1,7.9,90.4
6859, KOR , Republic of Korea , EAP ,2013-15,2014,NHANES,South Korea National Health and Nutrition Examination Survey 2013-2015, Historical Trend , Reanalyzed ,0.4,0.0,1.5,0.1,5.0,93.0
6858, KOR , Republic of Korea , EAP ,2016-18,2017,NHANES,"South Korea National Health and Nutrition Examination Survey, 2016-2018", Historical Trend , Reanalyzed ,0.5,0.2,2.1,0.0,4.3,92.9
8940, KOR , Republic of Korea , EAP ,2019-21,2020,NHANES,"	South Korea National Health and Nutrition Examination Survey 2019-21", Latest Estimate , Reanalyzed ,0.0,0.0,0.7,0.1,6.1,93.1
564, MDA , Republic of Moldova , EECA ,2005,2005,DHS,"Moldova demographic and health survey 2005. Demographic and Health Surveys. Calverton, Maryland: NCPM of the Ministry of Health and Social Protection and ORC Macro, 2006", Historical Trend , Reanalyzed ,5.5,0.3,8.2,2.2,6.7,77.1
565, MDA , Republic of Moldova , EECA ,2012,2012,MICS,"2012 Republic of Moldova multiple indicator cluster survey. Final report (MICS4). Chisinau, Republic of Moldova, 2014.", Latest Estimate , Reanalyzed ,1.7,0.2,5.6,0.6,4.2,87.7
2072, ROU , Romania , EECA ,1999,1999,Surveillance,"National nutritional surveillance programme, 1993-2002. Bukarest, Romania, 2003 [1999 Extract]", Historical Trend , Reanalyzed ,3.5,0.1,9.9,5.3,4.8,76.4
2073, ROU , Romania , EECA ,2000,2000,Surveillance,"National nutritional surveillance programme, 1993-2002. Bukarest, Romania, 2003 (2000 Extract)", Historical Trend , Reanalyzed ,4.1,0.2,8.5,4.1,4.8,78.3
2074, ROU , Romania , EECA ,2001,2001,Surveillance,"National nutritional surveillance programme, 1993-2002. Bukarest, Romania, 2003 (2001 Extract)", Historical Trend , Reanalyzed ,3.7,0.2,9.6,4.1,4.9,77.5
2075, ROU , Romania , EECA ,2002,2002,Surveillance,"National nutritional surveillance programme, 1993-2002. Bukarest, Romania, 2003 (2002 Extract)", Latest Estimate , Reanalyzed ,3.3,0.1,8.9,3.7,4.6,79.2
571, RWA , Rwanda , ESA ,1992,1992,DHS,"Enquête démographique et de santé, Rwanda 1992. Demographic and Health Surveys. Kigali, Rwanda, 1994", Historical Trend , Reanalyzed ,2.8,2.3,52.2,2.3,1.7,38.8
573, RWA , Rwanda , ESA ,2000,2000,DHS,"Enquête démographique et de santé, Rwanda 2000. Demographic and Health Surveys. Kigali, Rwanda et Calverton, Maryland, USA: Ministère de la Santé, Office National de la Population et ORC Macro, 2001", Historical Trend , Reanalyzed ,6.3,2.3,41.3,4.3,2.8,42.9
574, RWA , Rwanda , ESA ,2005,2005,DHS,"Rwanda demographic and health survey 2005. Demographic and Health Surveys. Calverton, Maryland, U.S.A.: INSR and ORC Macro, 2006", Historical Trend , Reanalyzed ,3.1,1.8,45.7,3.9,2.8,42.7
575, RWA , Rwanda , ESA ,2010-11,2010,DHS,"Rwanda demographic and health survey 2010. Demographic and Health Surveys. Calverton, Maryland, USA: NISR, MOH, and ICF International, 2012", Historical Trend , Reanalyzed ,1.9,1.0,39.7,3.6,3.3,50.5
1748, RWA , Rwanda , ESA ,2012,2012,CFSVA,Rwanda 2012 Comprehensive Food Security and Vulnerability Analysis, Historical Trend , Reanalyzed ,1.4,1.0,39.7,3.1,2.9,51.9
576, RWA , Rwanda , ESA ,2014-15,2015,DHS,"Rwanda Demographic and Health Survey 2014-15. Kigali, Rwanda: National Institute of Statistics of Rwanda, Ministry of Finance and Economic Planning/Rwanda, Ministry of Health/Rwanda, and ICF International", Historical Trend , Reanalyzed ,1.6,0.7,34.5,3.1,4.9,55.3
1119, RWA , Rwanda , ESA ,2015,2015,CFSVA,Rwanda 2015 Comprehensive Food Security and Vulnerabilty Analysis, Historical Trend , Reanalyzed ,1.3,0.7,33.5,2.7,2.8,59.0
4251, RWA , Rwanda , ESA ,2018,2018,CFSVA,"Comprehensive Food Security and Vulnerability Analysis, Rwanda 2018", Historical Trend , Reanalyzed ,1.1,0.9,33.3,0.6,1.9,62.3
4427, RWA , Rwanda , ESA ,2019-20,2020,DHS,"Rwanda Demographic and Health Survey 2019-20 Final Report. Kigali, Rwanda, and Rockville, Maryland, USA: NISR and ICF.", Latest Estimate , Reanalyzed ,0.7,0.4,30.9,1.8,3.8,62.4
577, LCA , Saint Lucia , LAC ,2012,2012,MICS,"Saint Lucia multiple indicator cluster survey 2012: Final report. MICS. Castries, Saint Lucia, 2014.", Latest Estimate , Reanalyzed ,3.3,0.4,1.6,0.5,5.8,88.4
819, WSM , Samoa , EAP ,2014,2014,DHS-Style,Samoa Demographic and Health Survey 2014, Historical Trend , Reanalyzed ,3.6,0.3,3.9,0.7,4.7,86.8
3201, WSM , Samoa , EAP ,2019-20,2019,MICS,Samoa Demographic and Health Survey - Multiple Indicator Cluster Survey, Latest Estimate , Reanalyzed ,2.8,0.3,5.7,1.3,7.4,82.5
583, STP , Sao Tome and Principe , WCA ,2014,2014,MICS,"Sao Tome and Principe Multiple Indicator Cluster Survey 2014, Final Report. São Tomé, Sao Tome and Principe, 2016.", Historical Trend , Reanalyzed ,2.8,1.2,15.0,1.0,1.4,78.6
2629, STP , Sao Tome and Principe , WCA ,2019,2019,MICS,"Inquérito de Indicadores Múltiplos 2019, Relatório final. São Tomé, São Tomé e Príncipe: Instituto Nacional de Estatística e Fundo das Nações Unidas para a Infância", Latest Estimate , Reanalyzed ,3.6,0.5,10.0,1.2,3.3,81.4
4557, SAU , Saudi Arabia , MENA ,2017,2017,Surveillance,Saudi Arabia Health Monitoring System (2017 Extract), Historical Trend , Reanalyzed ,7.2,0.3,11.1,5.8,6.3,69.3
4558, SAU , Saudi Arabia , MENA ,2018,2018,Surveillance,Saudi Arabia Health Monitoring System (2018 Extract), Historical Trend , Reanalyzed ,7.0,0.3,7.9,3.4,7.9,73.6
8931, SAU , Saudi Arabia , MENA ,2019,2019,Surveillance,Saudi Arabia Nutrition Surveillance 2019, Historical Trend , Reanalyzed ,6.2,0.1,8.8,4.3,8.2,72.3
8932, SAU , Saudi Arabia , MENA ,2020,2020,Surveillance,Saudi Arabia Nutrition Surveillance 2020, Latest Estimate , Reanalyzed ,6.1,0.1,7.0,3.7,7.9,75.2
586, SEN , Senegal , WCA ,1986,1986,DHS,"Enquête démographique et de santé au Sénégal, 1986. Demographic and Health Surveys. Dakar, Republique du Sénégal, 1987", Historical Trend , Reanalyzed ,3.3,2.2,26.0,0.2,2.2,66.2
588, SEN , Senegal , WCA ,1992-93,1993,DHS,"Enquête démographique et de santé au Sénégal (EDS-II) 1992/93. Demographic and Health Surveys. Dakar, Sénégal, 1994", Historical Trend , Reanalyzed ,6.4,3.0,25.2,1.5,2.4,61.4
589, SEN , Senegal , WCA ,1996,1996,MICS,"Evaluation des objectives intermédiares (MICS). Dakar: UNICEF, September 1996 ", Historical Trend , Reanalyzed ,5.2,2.8,24.8,0.6,1.3,65.3
590, SEN , Senegal , WCA ,2000,2000,MICS,"Rapport de l'enquête sur les objectives de la fin de decennie sur l'enfance (MICS-II-2000). Dakar, Senegal, Novembre 2000", Historical Trend , Reanalyzed ,7.1,2.9,22.0,1.1,2.1,64.8
591, SEN , Senegal , WCA ,2005,2005,DHS,"Enquête démographique et de santé au Sénégal 2005. Demographic and Health Surveys. Calverton, Maryland, USA : Centre de Recherche pour le Développement Humain [Sénégal] et ORC Macro, 2006", Historical Trend , Reanalyzed ,6.6,2.1,17.2,0.6,1.9,71.6
592, SEN , Senegal , WCA ,2010-11,2011,MICS-DHS,"Enquête démographique et de santé à indicateurs multiples au Sénégal (EDS-MICS) 2010-2011. Demographic and Health Surveys and MICS. Calverton, Maryland, USA: ANSD et ICF International, 2012", Historical Trend , Reanalyzed ,7.2,2.6,22.8,1.4,1.4,64.7
593, SEN , Senegal , WCA ,2012,2012,SMART,"Enqeute SMART Nationale SMART 2012. Dakar, Senegal: CLM, 2013 ", Historical Trend , Reanalyzed ,6.4,2.4,13.0,0.1,0.6,77.5
594, SEN , Senegal , WCA ,2012-13,2013,CDHS,"Enquête démographique et de santé continue (EDS-Continue 2012-2013). Demographic and Health Surveys. Calverton, Maryland, USA: ANSD et ICF International., 2013 ", Historical Trend , Reanalyzed ,6.7,2.3,16.2,0.3,1.1,73.4
1862, SEN , Senegal , WCA ,2013,2013,SMART,"Sénégal Enquête nationale sur la sécurité alimentaire et nutritionnelle (2013), SMART", Historical Trend , Reanalyzed ,6.7,2.3,13.9,0.4,0.7,76.1
595, SEN , Senegal , WCA ,2014,2014,CDHS,"Sénégal : Enquête Démographique et de Santé Continue (EDS-Continue 2014). Rockville, Maryland, USA : ANSD et ICF International, 2015.", Historical Trend , Reanalyzed ,4.3,1.5,17.0,0.2,1.1,75.8
1863, SEN , Senegal , WCA ,2014,2014,SMART,"Analyse de la situation nutritionnelle du Sénégal, Rapport Final 2014", Historical Trend , Reanalyzed ,6.1,1.9,12.0,0.3,0.7,79.0
823, SEN , Senegal , WCA ,2015,2015,CDHS,Sénégal : Enquête Démographique et de Santé Continue (EDS-Continue 2015).  Octobre 2016, Historical Trend , Reanalyzed ,5.4,2.4,17.9,0.3,0.7,73.3
1864, SEN , Senegal , WCA ,2015,2015,SMART,"Enquête nutritionnelle Nationale utilisant la methodologie SMART, Senegal 2015", Historical Trend , Reanalyzed ,6.7,2.2,14.9,0.4,1.1,74.7
1547, SEN , Senegal , WCA ,2016,2016,CDHS,"Senegal : Enquête Démographique et de Santé Continue (EDS-Continue 2016). Rockville, Maryland, USA : ANSD et ICF", Historical Trend , Reanalyzed ,5.6,1.6,15.4,0.1,0.8,76.5
2240, SEN , Senegal , WCA ,2017,2017,CDHS,"Enquête Continue du Sénégal, Cinquième Phase 2017 : Rapport de synthèse. Rockville, Maryland, USA : ANSD et ICF", Historical Trend , Reanalyzed ,7.0,2.1,14.2,0.3,0.7,75.8
3748, SEN , Senegal , WCA ,2018,2018,CDHS,"Sénégal : Enquête Démographique et de Santé Continue (EDS-Continue 2018). Rockville, Maryland, USA : ANSD et ICF.", Historical Trend , Reanalyzed ,5.7,2.1,16.6,0.2,1.3,74.2
3168, SEN , Senegal , WCA ,2019,2019,SMART,"Enquete Nationale de Securite Alimentaire, Nutrition et Resilience, Senegal 2019", Historical Trend , Reanalyzed ,6.6,1.5,16.2,1.1,1.4,73.1
4404, SEN , Senegal , WCA ,2019,2019,CDHS,"Sénégal : Enquête Démographique et de Santé Continue (EDS-Continue 2019). Rockville, Maryland, USA : ANSD et ICF", Historical Trend , Reanalyzed ,5.9,2.2,15.0,0.7,1.6,74.6
9184, SEN , Senegal , WCA ,2023,2023,CDHS,Sénégal : Enquête Démographique et  de Santé Continue (EDS Continue) 2023, Latest Estimate , Reanalyzed ,,2.5,,0.2,,
596, SRB , Serbia , EECA ,2005-06,2005,MICS,"Republic of Serbia multiple indicator cluster survey 2005, final report. Belgrade, Republic of Serbia: Statistical Office of the Republic of Serbia and Strategic Marketing Research Agency, 2006", Historical Trend , Reanalyzed ,4.4,0.1,4.6,3.4,15.9,71.6
597, SRB , Serbia , EECA ,2010,2010,MICS,"Serbia multiple indicator cluster survey 2010 (MICS). Belgrade, Republic of Serbia: Statistical Office of the Republic of Serbia, 2011", Historical Trend , Reanalyzed ,3.4,0.1,3.4,3.1,12.5,77.5
598, SRB , Serbia , EECA ,2014,2014,MICS,"2014 Serbia multiple indicator cluster survey and 2014 Serbia Roma Settlements multiple indicator cluster survey (MICS). Final Report. Belgrade, Serbia: Statistical Office of the Republic of Serbia and UNICEF, 2014.", Historical Trend , Reanalyzed ,3.8,0.1,3.7,2.2,11.7,78.5
2497, SRB , Serbia , EECA ,2019,2019,MICS,"Serbia Multiple Indicator Cluster Survey 2019, Survey Findings Reports. Belgrade, Serbia: Statistical Office of the Republic of Serbia and UNICEF", Latest Estimate , Reanalyzed ,2.6,0.0,3.5,2.0,9.0,83.0
600, SYC , Seychelles , ESA ,2012,2012,Other,"The nutritional status and associated risk factors of 0-5 year old children in Seychelles. 7706 Med Health Project (thesis). Queensland, Australia: Griffith University, 2014.", Latest Estimate , Reanalyzed ,4.1,0.2,5.7,2.0,8.2,79.8
603, SLE , Sierra Leone , WCA ,2000,2000,MICS,"The status of women and children in Sierra Leone. A household survey report (MICS-2). Central Statistics Office, Ministry of Development and Economic Planning, November 2000", Historical Trend , Reanalyzed ,8.1,3.6,29.0,2.9,1.9,54.6
604, SLE , Sierra Leone , WCA ,2005,2005,MICS,"Sierra Leone multiple indicator cluster survey 2005: Final Report. Freetown, Sierra Leone: Statistics Sierra Leone and UNICEF-Sierra Leone, 2007", Historical Trend , Reanalyzed ,6.5,3.7,37.9,3.5,2.4,46.0
1101, SLE , Sierra Leone , WCA ,2010,2010,SMART,Report on The National Situation of Sierra Leone: Nutrition Survey using SMART Methods, Historical Trend , Reanalyzed ,4.3,3.2,29.0,0.5,0.9,62.1
1102, SLE , Sierra Leone , WCA ,2014,2014,SMART,"Sierra Leone National Nutrition Survey 2014, Freetown, Sierra Leone.", Historical Trend , Reanalyzed ,2.6,1.9,26.3,0.8,1.3,67.0
2136, SLE , Sierra Leone , WCA ,2017,2017,MICS,"Sierra Leone Multiple Indicator Cluster Survey 2017, Survey Findings Report. Freetown, Sierra Leone: Statistics Sierra Leone", Historical Trend , Reanalyzed ,4.5,2.3,26.8,1.9,2.3,62.2
2398, SLE , Sierra Leone , WCA ,2017,2017,SMART,Sierra Leone National Nutrition Survey 2017, Historical Trend , Reanalyzed ,3.2,2.0,26.6,0.8,1.2,66.3
3685, SLE , Sierra Leone , WCA ,2019,2019,DHS,"Sierra Leone Demographic and Health Survey 2019. Freetown, Sierra Leone, and Rockville, Maryland, USA: Stats SL and ICF", Historical Trend , Reanalyzed ,3.7,1.7,25.8,2.0,2.5,64.3
5039, SLE , Sierra Leone , WCA ,2021,2021,SMART,Sierra Leone 2021 National Nutrition Survey, Latest Estimate , Reanalyzed ,4.6,1.7,23.2,1.4,1.4,67.7
608, SGP , Singapore , EAP ,2000,2000,Other,"National healthcare group polyclinics' anthropometric growth charts for Singapore preschool children 2000. Singapore Health Booklet, revised edition April 2003", Latest Estimate , Reanalyzed ,3.3,0.3,3.9,0.3,2.2,90.0
609, SLB , Solomon Islands , EAP ,1989,1989,NNS,"Solomon Islands national nutrition survey 1989. Honiara, Solomon Islands, 1990", Historical Trend , Reanalyzed ,4.8,2.6,30.1,1.0,0.9,60.6
1392, SLB , Solomon Islands , EAP ,2015,2015,DHS-Style,"Solomon Islands Demographic and Health Survey, 2015. Solomon Islands Ministry of Health and Medical Services and the Pacific Community. 2017.", Latest Estimate , Reanalyzed ,6.4,2.0,27.2,2.5,2.1,59.8
612, SOM , Somalia , ESA ,2006,2006,MICS,"Monitoring the situation of women and children. Somalia multiple indicator cluster survey 2006. New York: UNICEF, 2007.", Historical Trend , Reanalyzed ,8.6,4.7,35.1,2.2,2.5,46.9
613, SOM , Somalia , ESA ,2009,2009,Other,National Micronutrient and Anthropometric Survey Somalia 2009, Latest Estimate , Reanalyzed ,10.4,4.0,20.1,1.2,1.7,62.6
618, ZAF , South Africa , ESA ,2008,2008,Other,South Africa 2008 National Income Dynamics Survey, Historical Trend , Reanalyzed ,4.1,0.8,21.8,2.5,10.8,60.2
906, ZAF , South Africa , ESA ,2014-15,2015,Other,"South Africa National Income Dynamics Study 2014-15, Wave 4", Historical Trend , Reanalyzed ,3.2,0.3,17.3,3.7,9.8,65.6
1352, ZAF , South Africa , ESA ,2016,2016,DHS,"South Africa Demographic and Health Survey 2016. Pretoria, South Africa, and Rockville, Maryland, USA: NDoH, Stats SA, SAMRC, and ICF", Historical Trend , Reanalyzed ,1.9,0.6,22.9,4.0,9.3,61.4
2529, ZAF , South Africa , ESA ,2017,2017,Other,"South Africa National Income Dynamics Study 2017, Wave 5", Latest Estimate , Reanalyzed ,2.9,0.5,17.8,3.1,8.5,67.2
620, SSD , South Sudan , ESA ,2010,2010,MICS,"South Sudan Household Survey 2010. Final Report (MICS4). Juba, South Sudan, 2013.", Latest Estimate , Reanalyzed ,16.8,6.0,21.8,3.5,2.5,49.4
621, LKA , Sri Lanka , SA ,1987,1987,DHS,"Sri Lanka demographic and health survey 1987. Demographic and Health Surveys. Colombo, Sri Lanka, 1987", Historical Trend , Reanalyzed ,8.2,5.1,26.0,0.1,0.3,60.3
622, LKA , Sri Lanka , SA ,1993,1993,DHS-Style,"Sri Lanka demographic and health survey 1993. Colombo, Sri Lanka, 1995", Historical Trend , Reanalyzed ,9.9,5.1,23.5,0.1,0.3,61.1
624, LKA , Sri Lanka , SA ,2000,2000,DHS-Style,"Sri Lanka demographic and health survey 2000. Colombo, Sri Lanka, 2001", Historical Trend , Reanalyzed ,11.6,4.3,13.8,0.2,1.0,69.1
625, LKA , Sri Lanka , SA ,2006-07,2007,DHS,"Sri Lanka Demographic and Health Survey 2006-07. Colombo, Sri Lanka: DCS and MOH, 2009", Historical Trend , Reanalyzed ,11.5,3.6,14.1,0.3,1.4,69.0
627, LKA , Sri Lanka , SA ,2012,2012,Other,Sri Lanka National Nutrition and Micronutrient Survey 2012, Historical Trend , Reanalyzed ,15.8,5.5,9.1,0.0,0.5,69.0
1727, LKA , Sri Lanka , SA ,2016,2016,DHS-Style,Sri Lanka Demographic and Health Survey 2016, Historical Trend , Reanalyzed ,12.0,3.1,13.6,0.6,1.4,69.3
8988, LKA , Sri Lanka , SA ,2022,2022,NNS,National Nutrition and Micronutrient Survey in Sri Lanka: 2022, Latest Estimate , Reanalyzed ,15.9,3.9,9.3,0.4,1.3,69.2
766, PSE , State of Palestine , MENA ,1996,1996,MICS,"The health survey in the West Bank and Gaza Strip: main findings (MICS). Palestinian Central Bureau of Statistics. Ramallah, Palestine, 1996", Historical Trend , Reanalyzed ,2.9,0.1,7.0,0.7,3.6,85.7
993, PSE , State of Palestine , MENA ,2000,2000,MICS,Palestine Health Survey 2000 - Main Findings, Historical Trend , Reanalyzed ,1.9,0.1,8.9,1.7,6.6,80.9
1471, PSE , State of Palestine , MENA ,2002,2002,NNS,"Palestine Nutrition Survey 2002. Ramallah, Palestine: Palestinian Central Bureau of Statistics.", Historical Trend , Reanalyzed ,2.2,0.1,10.3,1.0,3.8,82.7
1576, PSE , State of Palestine , MENA ,2004,2004,DHS-Style,Palestine Demographic and health Survey 2004, Historical Trend , Reanalyzed ,3.1,0.1,8.1,2.3,6.5,79.9
768, PSE , State of Palestine , MENA ,2006-07,2006,PAPFAM,"Palestinian family health survey, 2006: Final report. Ramallah, Palestine, 2007 ", Historical Trend , Reanalyzed ,1.6,0.1,10.6,2.9,8.5,76.2
769, PSE , State of Palestine , MENA ,2010,2010,MICS,"Final report of the Palestinian family survey 2010 (MICS). Ramallah, State of Palestine: Palestinian Central Bureau of Statistics, 2013.", Historical Trend , Reanalyzed ,3.0,0.3,9.2,1.5,3.8,82.2
770, PSE , State of Palestine , MENA ,2014,2014,MICS,"Palestinian Multiple Indicator Cluster Survey 2014,  Final Report, Ramallah, Palestine ", Historical Trend , Reanalyzed ,1.0,0.2,6.0,1.2,7.0,84.6
3568, PSE , State of Palestine , MENA ,2019-20,2020,MICS,"Palestinian Multiple Indicator Cluster Survey 2019-2020,  Survey Findings Report, Ramallah, Palestine.", Latest Estimate , Reanalyzed ,1.3,0.1,7.2,1.4,7.2,82.8
629, SDN , Sudan , ESA ,2010,2010,MICS,"Sudan household health survey, second round 2010.", Historical Trend , Reanalyzed ,9.7,5.6,27.6,0.8,0.7,55.4
630, SDN , Sudan , ESA ,2014,2014,MICS,"Multiple Indicator Cluster Survey 2014 of Sudan, Final Report. Khartoum, Sudan: UNICEF and Central Bureau of Statistics (CBS), February 2016.", Latest Estimate , Reanalyzed ,9.8,6.5,29.9,1.9,1.1,50.8
631, SUR , Suriname , LAC ,1999-00,2000,MICS,"Suriname multiple indicator cluster survey (MICS) 2000. Paramaribo, Suriname, March 2001", Historical Trend , Reanalyzed ,6.0,1.0,12.7,0.4,2.5,77.5
632, SUR , Suriname , LAC ,2006,2006,MICS,"Suriname multiple indicator cluster survey 2006, Final Report (MICS3). Paramaribo, Suriname, 2009", Historical Trend , Reanalyzed ,4.3,0.6,9.2,0.9,3.2,81.9
633, SUR , Suriname , LAC ,2010,2010,MICS,"Suriname multiple indicator cluster survey 2010, Final Report (MICS). Paramaribo, Suriname, 2012", Historical Trend , Reanalyzed ,4.4,0.6,7.6,0.6,3.4,83.4
1571, SUR , Suriname , LAC ,2018,2018,MICS,"Suriname Multiple Indicator Cluster Survey 2018, Survey Findings Report. Paramaribo, Suriname: Ministry of Social Affairs and Public Housing", Latest Estimate , Reanalyzed ,5.0,0.5,7.5,0.3,3.2,83.4
639, SYR , Syrian Arab Republic , MENA ,1993,1993,PAPFAM,"Syrian maternal and child health survey (SMCHS). PAPCHILD surveys. Cairo: The League of Arab States, 1994", Historical Trend , Reanalyzed ,8.4,1.5,21.3,10.0,5.0,53.7
642, SYR , Syrian Arab Republic , MENA ,2001,2001,PAPFAM,"The family health survey in the Syrian Arab Republic. Principal Report. Cairo: The League of Arab States, 2002", Historical Trend , Reanalyzed ,9.1,1.1,19.6,11.0,8.7,50.5
643, SYR , Syrian Arab Republic , MENA ,2006,2006,MICS,Syrian Arab Republic multiple indicator cluster survey 2006. February 2008., Historical Trend , Reanalyzed ,9.5,0.8,17.0,10.9,7.9,53.9
644, SYR , Syrian Arab Republic , MENA ,2009-10,2010,PAPFAM,"Family health survey of the Arab Republic of Syria 2009: Principal report (PAPFAM). Cairo: The League of Arab States, 2011", Latest Estimate , Reanalyzed ,10.4,1.2,15.6,11.1,6.8,54.9
650, TJK , Tajikistan , EECA ,2005,2005,MICS,"Tajikistan multiple indicator cluster survey 2005, Final Report. Dushanbe, Tajikistan: State Committee on Statistics of the Republic of Tajikistan, 2007 ", Historical Trend , Reanalyzed ,6.7,2.0,26.9,4.1,2.6,57.6
651, TJK , Tajikistan , EECA ,2007,2007,LSMS,"Tajikistan living standards measurement survey 2007 (TLSS): Indicators at a glance. Dushanbe, Republic of Tajikistan: State Committee on Statistics and UNICEF, 2009", Historical Trend , Reanalyzed ,5.2,1.6,31.0,6.6,5.4,50.1
652, TJK , Tajikistan , EECA ,2009,2009,Other,"Micronutrient status survey in Tajikistan, 2009. Dushanbe, Republic of Tajikistan: Ministry of Health and UNICEF, 2010", Historical Trend , Reanalyzed ,3.2,1.1,26.1,1.5,2.7,65.3
653, TJK , Tajikistan , EECA ,2012,2012,DHS,"Tajikistan demographic and health survey 2012. Demographic and Health Surveys. Dushanbe, Tajikistan, and Calverton, Maryland, USA: SA, MOH, and ICF International, 2013", Historical Trend , Reanalyzed ,8.1,1.8,21.7,3.4,3.3,61.8
2393, TJK , Tajikistan , EECA ,2016,2016,Other,National Micronutrient Status Survey in Tajikistan 2016, Historical Trend , Reanalyzed ,2.9,0.6,17.4,1.6,2.1,75.3
2025, TJK , Tajikistan , EECA ,2017,2017,DHS,"Tajikistan Demographic and Health Survey 2017. Dushanbe, Republic of Tajikistan, and Rockville, Maryland, USA: Statistical Agency under the President of the Republic of Tajikistan (SA)", Latest Estimate , Reanalyzed ,4.7,0.8,15.4,1.3,2.0,75.7
654, THA , Thailand , EAP ,1987,1987,DHS,"Thailand demographic and health survey 1987. Demographic and Health Surveys. Institute of Population Studies, Chulalongkorn University. Bangkok, Thailand, 1988", Historical Trend , Reanalyzed ,3.3,2.9,22.5,0.1,1.1,70.2
657, THA , Thailand , EAP ,2005-06,2006,MICS,"Thailand multiple indicator cluster survey December 2005 - February 2006, Final report. Bangkok, Thailand: National Statistical Office, 2006", Historical Trend , Reanalyzed ,4.4,0.4,13.4,1.9,6.1,73.8
658, THA , Thailand , EAP ,2012-13,2012,MICS,"Thailand multiple indicator cluster survey 2012.  MICS. Bangkok, Thailand: NSO, UNICEF, MOPH, NHSO, THPF, IHPP, 2013.", Historical Trend , Reanalyzed ,5.8,1.0,12.7,2.8,8.1,69.7
1443, THA , Thailand , EAP ,2015-16,2016,MICS,"Thailand Multiple Indicator Cluster Survey 2015- 2016, Final Report, NSO and UNICEF, Bangkok, 2016", Historical Trend , Reanalyzed ,4.8,0.6,8.7,1.2,7.0,77.7
2941, THA , Thailand , EAP ,2019,2019,MICS,"Thailand Multiple Indicator Cluster Survey 2019, Survey Findings Report. Bangkok, Thailand: National Statistical Office of Thailand.", Historical Trend , Reanalyzed ,6.6,1.1,10.1,2.1,7.1,73.0
9036, THA , Thailand , EAP ,2022,2022,MICS,"Thailand Multiple Indicator Cluster Survey 2022, Survey Findings Report", Latest Estimate , Reanalyzed ,6.4,0.8,8.9,2.8,8.1,73.0
662, TLS , Timor-Leste , EAP ,2002,2002,MICS-Style,"Multiple indicator cluster survey (MICS - 2002). UNICEF, Dili, Timor-Leste, 2003", Historical Trend , Reanalyzed ,8.0,5.7,46.0,4.0,1.7,34.6
664, TLS , Timor-Leste , EAP ,2007-08,2007,LSMS,Timor-Leste Survey of Living Standards 2007 and Extension 2008, Historical Trend , Reanalyzed ,12.4,8.9,47.1,1.1,0.4,30.1
665, TLS , Timor-Leste , EAP ,2009-10,2009,DHS,"Timor-Leste demographic and health survey 2009-10. Demographic and Health Surveys. Dili, Timor-Leste: NSD [Timor-Leste] and ICF Macro, 2010", Historical Trend , Reanalyzed ,11.7,7.2,46.6,3.7,2.1,28.6
666, TLS , Timor-Leste , EAP ,2013,2013,NNS,"Timor-Leste food and nutrition survey, Final report 2015. Dili, Timor Leste: Ministry of Health, 2015.", Historical Trend , Reanalyzed ,4.9,5.0,45.8,0.9,0.8,42.7
4424, TLS , Timor-Leste , EAP ,2020,2020,NNS,Timor-Leste Food and Nutrition Survey 2020, Latest Estimate , Reanalyzed ,4.2,4.0,42.2,0.4,0.9,48.2
667, TGO , Togo , WCA ,1988,1988,DHS,"Enquête démographique et de santé au Togo 1988. Demographic and Health Surveys. Direction Generale de la Santé. Lomé, Togo, 1989", Historical Trend , Reanalyzed ,2.9,3.4,30.3,0.5,2.8,60.1
669, TGO , Togo , WCA ,1998,1998,DHS,"Enquete démographique et de santé, Togo 1998. Demographic and Health Surveys. Ministère de la Planification et du Développement Economique, Direction de la Statistique. Lomé, Togo, 1999", Historical Trend , Reanalyzed ,9.9,4.1,23.7,1.1,1.5,59.8
3112, TGO , Togo , WCA ,2009,2009,SMART,"Enquete Nutritionnelle Nationale Utilisant La Methodologie SMART, Togo 2009", Historical Trend , Reanalyzed ,3.7,2.5,24.2,0.4,0.7,68.6
672, TGO , Togo , WCA ,2010,2010,MICS,"Enquête par grappes à indicateurs multiples MICS Togo, 2010: Rapport final. Lomé, Togo: DGSCN, 2010", Historical Trend , Reanalyzed ,2.6,2.2,27.3,0.3,1.3,66.4
3113, TGO , Togo , WCA ,2010,2010,SMART,"Enquete Nutritionnelle Nationale Utilisant La Methodologie SMART, Togo 12 au 30 Decembre 2010", Historical Trend , Reanalyzed ,2.5,2.3,24.5,0.2,0.5,70.0
1047,TGO,Togo,WCA,2012,2012,SMART,"Enquette Nutritionnelle Nationale Utilisant La Methodologie SMART, Togo 20 Juin-7 Juillet 2012",Historical Trend,Reanalyzed,3.4,2.1,23.8,0.3,1.4,69.0
673,TGO,Togo,WCA,2013-14,2014,DHS,"Enquête démographique et de santé au Togo 2013-2014. Demographic and Health Surveys. Rockville, Maryland, USA : MPDAT, MS et ICF International, 2015.",Historical Trend,Reanalyzed,4.3,2.3,24.4,0.8,1.2,66.9
2607,TGO,Togo,WCA,2017,2017,MICS,"MICS6 TOGO, 2017, Rapport final. Lomé, Togo",Latest Estimate,Reanalyzed,3.9,1.8,21.5,0.5,1.0,71.3
4244,TON,Tonga,EAP,2019,2019,MICS,"Tonga Multiple Indicator Cluster Survey 2019, Survey Findings Report. Nuku’alofa, Tonga: Tonga Statistics Department",Latest Estimate,Reanalyzed,1.0,0.0,1.6,0.6,10.6,86.2
676,TTO,Trinidad and Tobago,LAC,1987,1987,DHS,"Trinidad and Tobago demographic and health survey 1987. Demographic and Health Surveys. Family Planning Association of Trinidad and Tobago. Port-of-Spain, Trinidad, 1988",Historical Trend,Reanalyzed,3.2,0.4,4.6,0.7,3.2,87.9
677,TTO,Trinidad and Tobago,LAC,2000,2000,MICS,"Trinidad and Tobago Multiple Indicator Cluster Survey 2000. New York, United States: United Nations Children's Fund (UNICEF)",Historical Trend,Reanalyzed,4.9,0.3,4.5,0.5,4.4,85.3
1763,TTO,Trinidad and Tobago,LAC,2011,2011,MICS,"Trinidad and Tobago Multiple Indicator Cluster Survey 2011, Key Findings & Tables. Port of Spain, Trinidad and Tobago: Ministry of Social Development and Familyvices, Central Statistical Office and UNICEF. 2017",Latest Estimate,Reanalyzed,5.8,0.6,5.2,3.4,7.9,77.1
678,TUN,Tunisia,MENA,1988,1988,DHS,"Enquête démographique et de santé en Tunisie 1988. Demographic and Health Surveys. Office National de la Famille et de la Population. Tunis, Tunisie, 1989",Historical Trend,Reanalyzed,3.3,1.1,17.8,1.6,2.8,73.3
682,TUN,Tunisia,MENA,2011-12,2012,MICS,"Suivi de la situation des enfants et des femmes en Tunisie- Enquête par grappes à indicateurs multiples 2011-2012: Rapport Final. MICS. Tunis, Tunisie: MDCI, INS, UNICEF, 2013.",Historical Trend,Reanalyzed,2.6,0.1,6.9,3.1,11.2,76.1
2651,TUN,Tunisia,MENA,2018,2018,MICS,"Enquête par grappes à indicateurs multiples (MICS), 2018, Rapport Final. Tunisie: le Ministère du Développement de l’Investissement et de la Coopération Internationale (MDICI)",Latest Estimate,Reanalyzed,2.0,0.1,5.0,3.3,13.9,75.7
689,TKM,Turkmenistan,EECA,2000,2000,DHS,"Turkmenistan demographic and health survey  2000. Demographic and Health Surveys. Calverton, Maryland, USA: GECRCMCH and ORC Macro, 2001",Historical Trend,Reanalyzed,7.1,1.0,21.7,4.5,3.6,62.1
690,TKM,Turkmenistan,EECA,2006,2006,MICS,"Turkmenistan multiple indicator cluster survey 2006, Final Report. Ashgabat, Turkmenistan: Turkmenmillihasabat, 2006",Historical Trend,Reanalyzed,6.2,1.0,15.8,2.1,2.4,72.5
820,TKM,Turkmenistan,EECA,2015-16,2015,MICS,Turkmenistan 2015-16 Multiple Indicator Cluster Survey,Historical Trend,Reanalyzed,3.9,0.2,9.3,2.0,3.9,80.7
2611,TKM,Turkmenistan,EECA,2019,2019,MICS,"Multiple Indicator Cluster Survey, 2019. Survey Report. Ashgabat, Turkmenistan, State Committee for Statistics of Turkmenistan and UNICEF.",Latest Estimate,Reanalyzed,4.1,0.0,6.3,0.8,2.3,86.5
2601,TCA,Turks and Caicos Islands,LAC,2019-20,2020,MICS,"Turks & Caicos Islands Multiple Indicator Cluster Survey 2019-2020, Survey  Findings Report. Grand Turk, Turks & Caicos Islands: Department of Statistics",Latest Estimate,Reanalyzed,1.2,0.0,0.9,3.7,14.5,79.8
3303,TUV,Tuvalu,EAP,2019-20,2019,MICS,"Tuvalu Multiple Indicator Cluster Survey 2019-20, Survey Findings Report. Funafuti, Tuvalu: Central Statistics Division",Latest Estimate,Reanalyzed,2.5,0.2,4.4,1.0,3.2,88.6
683,TUR,Türkiye,EECA,1993,1993,DHS,"Turkey demographic and health survey, 1993. Demographic and Health Surveys. Ankara, Turkey, 1994",Historical Trend,Reanalyzed,3.0,0.9,21.0,1.7,3.3,70.1
685,TUR,Türkiye,EECA,1998,1998,DHS,"Turkish demographic and health survey 1998. Demographic and Health Surveys. Hacettepe University, Institute of Population Studies. Ankara, Turkey, 1999",Historical Trend,Reanalyzed,2.4,0.6,17.7,0.6,3.2,75.6
686,TUR,Türkiye,EECA,2003-04,2004,DHS,"Demographic and health survey, 2003.  Ankara, Turkey: Hacettepe University Institute of Population Studies, MoH General Directorate of Mother and Child Health and Family Planning, State Planning Organization and the EU, 2004",Historical Trend,Reanalyzed,0.9,0.2,13.8,1.3,7.5,76.4
687,TUR,Türkiye,EECA,2008,2008,DHS,"Turkey Demographic and Health Survey 2008. Ankara, Turkey: Institute of Population Studies, Hacettepe University.",Historical Trend,Reanalyzed,0.9,0.1,11.3,1.2,8.7,77.9
688,TUR,Türkiye,EECA,2013-14,2013,DHS,"2013 Turkey Demographic and Health Survey Ankara, Turkey: Hacettepe University Institute of Population Studies, T.R. Ministry of Development and TÜBYTAK, 2014.",Historical Trend,Reanalyzed,1.7,0.1,8.2,1.7,9.5,78.8
3744,TUR,Türkiye,EECA,2018-19,2018,DHS-Style,"2018 Turkey Demographic and Health Survey. Hacettepe University Institute of Population Studies, T.R. Presidency of Turkey Directorate of Strategy and Budget and TÜB?TAK, Ankara, Turkey.",Latest Estimate,Reanalyzed,1.6,0.1,5.3,0.6,7.5,84.9
692,UGA,Uganda,ESA,1988-89,1988,DHS,"Uganda demographic and health survey 1988/89. Demographic and Health Surveys. Ministry of Health. Entebbe, Uganda, 1989",Historical Trend,Reanalyzed,1.5,1.7,44.2,1.8,1.8,49.1
693,UGA,Uganda,ESA,1995,1995,DHS,"Uganda demographic and health survey 1995. Demographic and Health Surveys. Calverton, Maryland: Statistics Department and Macro International Inc., 1996",Historical Trend,Reanalyzed,3.4,3.5,39.3,2.5,2.8,48.6
694,UGA,Uganda,ESA,2000-01,2000,DHS,"Uganda demographic and health survey 2000-2001. Demographic and Health Surveys. Calverton, Maryland, USA: UBOS and ORC Macro, 2001",Historical Trend,Reanalyzed,2.5,2.5,39.7,2.7,2.3,50.3
695,UGA,Uganda,ESA,2006,2006,DHS,"Uganda demographic and health survey 2006. Demographic and Health Surveys. Calverton, Maryland, USA: UBOS and Macro International Inc., 2007",Historical Trend,Reanalyzed,4.0,2.2,34.1,2.1,2.8,54.8
735,UGA,Uganda,ESA,2009-10,2009,LSMS,The Uganda National Panel Survey (UNPS) 2009/10,Historical Trend,Reanalyzed,2.5,1.9,34.7,1.6,1.7,57.6
732,UGA,Uganda,ESA,2010-11,2011,LSMS,Uganda National Panel Survey 2010/11 ,Historical Trend,Reanalyzed,1.2,2.3,38.6,1.8,2.9,53.4
696,UGA,Uganda,ESA,2011,2011,DHS,"Uganda demographic and health survey 2011. Demographic and Health Surveys. Kampala, Uganda: UBOS and Calverton, Maryland: ICF International Inc., 2012",Historical Trend,Reanalyzed,3.4,1.3,30.6,1.6,2.2,61.0
697,UGA,Uganda,ESA,2011-12,2012,LSMS,"Uganda National Panel Survey (UNPS) - Wave III. Kampala, Uganda: UBOS, 2013",Historical Trend,Reanalyzed,2.6,1.6,29.7,2.5,3.3,60.3
731,UGA,Uganda,ESA,2013-14,2014,LSMS,The Uganda National Panel Survey (UNPS) 2013/14,Historical Trend,Reanalyzed,3.0,0.8,31.5,1.6,2.0,61.0
2643,UGA,Uganda,ESA,2015-16,2015,LSMS,Uganda National Panel Survey 2015-16,Historical Trend,Reanalyzed,5.1,0.4,27.9,2.1,1.9,62.6
1389,UGA,Uganda,ESA,2016,2016,DHS,"Uganda Demographic and Health Survey 2016. Kampala, Uganda and Rockville, Maryland, USA: UBOS and ICF. 2018",Historical Trend,Reanalyzed,2.5,1.0,26.8,1.1,2.6,66.0
4376,UGA,Uganda,ESA,2018-19,2018,LSMS,Uganda National Panel Survey 2018-2019,Historical Trend,Reanalyzed,1.9,0.9,21.8,1.2,2.7,71.5
4624,UGA,Uganda,ESA,2019-20,2020,LSMS,Uganda National Panel Survey 2019-2020,Latest Estimate,Reanalyzed,3.1,0.5,24.2,0.7,2.3,69.3
698,UKR,Ukraine,EECA,2000,2000,MICS,Ukraine Multiple Indicator Cluster Survey 2000,Latest Estimate,Reanalyzed,8.0,0.2,10.3,12.3,14.2,55.0
9240,GBR,United Kingdom,WE,2006-07,2007,Surveillance,National Child Measurement Programme: 2006/07 school year,Historical Trend,Reanalyzed,0.5,0.0,2.1,0.1,6.9,90.3
9241,GBR,United Kingdom,WE,2007-08,2008,Surveillance,National Child Measurement Programme 2007/08 school year,Historical Trend,Reanalyzed,0.5,0.0,2.0,0.1,6.6,90.8
9242,GBR,United Kingdom,WE,2008-09,2009,Surveillance,"National Child Measurement Programme: England, 2008/09 school year",Historical Trend,Reanalyzed,0.4,0.0,1.9,0.1,6.5,91.1
9243,GBR,United Kingdom,WE,2009-10,2010,Surveillance,"National Child Measurement Programme: England, 2009/10 school year",Historical Trend,Reanalyzed,0.3,0.0,2.0,0.1,6.7,90.9
1077,GBR,United Kingdom,WE,2011,2011,Other,"Diet and Nutrition Survey of Infants and Young Children, 2011. [data collection]. 2nd Edition. UK Data Service. SN: 7263, http://doi.org/10.5255/UKDA-SN-7263-2",Historical Trend,Reanalyzed,1.7,0.0,0.7,0.2,6.5,90.9
9244,GBR,United Kingdom,WE,2010-11,2011,Surveillance,"National Child Measurement Programme: England, 2010/11 school year",Historical Trend,Reanalyzed,0.3,0.0,2.1,0.1,6.4,91.2
9245,GBR,United Kingdom,WE,2011-12,2012,Surveillance,"National Child Measurement Programme: England, 2011/12 school year",Historical Trend,Reanalyzed,0.3,0.0,2.0,0.1,6.4,91.3
9246,GBR,United Kingdom,WE,2012-13,2013,Surveillance,"National Child Measurement Programme: England, 2012/13 school year",Historical Trend,Reanalyzed,0.2,0.0,2.0,0.1,6.3,91.4
9247,GBR,United Kingdom,WE,2013-14,2014,Surveillance,"National Child Measurement Programme: England, 2013/14 school year",Historical Trend,Reanalyzed,0.3,0.0,1.9,0.1,6.5,91.2
9248,GBR,United Kingdom,WE,2014-15,2015,Surveillance,"National Child Measurement Programme: England, 2014/15 school year",Historical Trend,Reanalyzed,0.3,0.0,1.9,0.1,6.1,91.6
9249,GBR,United Kingdom,WE,2015-16,2016,Surveillance,"National Child Measurement Programme: England, 2015/16 school year",Historical Trend,Reanalyzed,0.3,0.0,1.9,0.1,6.2,91.5
9250,GBR,United Kingdom,WE,2016-17,2017,Surveillance,"National Child Measurement Programme: England, 2016/17 school year",Historical Trend,Reanalyzed,0.2,0.0,1.8,0.1,6.5,91.3
9251,GBR,United Kingdom,WE,2017-18,2018,Surveillance,"National Child Measurement Programme: England, 2017/18 school year",Latest Estimate,Reanalyzed,0.3,0.0,1.9,0.1,6.4,91.3
9252,GBR,United Kingdom,WE,2018-19,,Surveillance,"National Child Measurement Programme: England, 2018/19 school year",Historical Trend,Reanalyzed,0.2,0.0,1.9,0.0,6.5,91.3
700,TZA,United Republic of Tanzania,ESA,1991-92,1991,DHS,"Tanzania demographic and health survey 1991/92. Demographic and Health Surveys. Dar es Salaam, United Republic of Tanzania, 1992",Historical Trend,Reanalyzed,4.9,2.9,43.7,3.3,2.5,42.7
701,TZA,United Republic of Tanzania,ESA,1996,1996,DHS,"Tanzania demographic and health survey 1996. Demographic and Health Surveys. Calverton, Maryland: Bureau of Statistics and Macro International Inc., 1997",Historical Trend,Reanalyzed,4.3,4.2,43.2,2.2,2.4,43.7
702,TZA,United Republic of Tanzania,ESA,1999,1999,DHS,"Tanzania reproductive and child health survey 1999. Demographic and Health Surveys. Calverton, Maryland: National Bureau of Statistics [Tanzania] and Macro International Inc., 2000",Historical Trend,Reanalyzed,2.7,2.9,44.3,1.2,2.1,46.9
703,TZA,United Republic of Tanzania,ESA,2004-05,2004,DHS,"Tanzania demographic and health survey  2004-05. Demographic and Health Surveys. Dar es Salaam, Tanzania: National Bureau of Statistics and ORC Macro, 2005",Historical Trend,Reanalyzed,1.9,1.7,40.1,2.7,2.2,51.5
704,TZA,United Republic of Tanzania,ESA,2008-09,2009,LSMS,"Tanzania National Panel Survey Report (NPS) - Wave 2, 2008 - 2009. Dar es Salaam, Tanzania: NBS",Historical Trend,Reanalyzed,1.6,1.2,39.1,2.8,1.9,53.2
705,TZA,United Republic of Tanzania,ESA,2009-10,2010,DHS,"Tanzania demographic and health survey  2010. Demographic and Health Surveys. Dar es Salaam, Tanzania: NBS and ICF Macro, 2011",Historical Trend,Reanalyzed,3.0,1.8,37.4,2.8,2.5,52.3
706,TZA,United Republic of Tanzania,ESA,2010-11,2011,LSMS,"Tanzania National Panel Survey Report (NPS) - Wave 2, 2010 - 2011. Dar es Salaam, Tanzania: NBS, 2012.",Historical Trend,Reanalyzed,4.4,1.9,30.8,2.4,2.7,57.9
707,TZA,United Republic of Tanzania,ESA,2012-13,2013,LSMS,"Tanzania National Panel Survey Report (NPS) - Wave 3, 2012 - 2013. Dar es Salaam, Tanzania: NBS, 2014",Historical Trend,Reanalyzed,3.3,1.1,33.6,2.7,2.4,56.9
709,TZA,United Republic of Tanzania,ESA,2015-16,2015,DHS,"Tanzania demographic and health survey  2015-16. Demographic and Health Surveys. Dar es Salaam, Tanzania: NBS and ICF International, 2016",Historical Trend,Reanalyzed,3.0,1.5,31.4,1.6,2.1,60.4
8971,TZA,United Republic of Tanzania,ESA,2020-21,2021,LSMS,"National Panel Survey 2020-21, Wave 5",Historical Trend,Reanalyzed,2.6,1.0,29.5,2.2,2.5,62.2
8957,TZA,United Republic of Tanzania,ESA,2022,2022,DHS,The 2022 Tanzania Demographic and Health Survey and Malaria Indicator Survey,Latest Estimate,Reanalyzed,2.2,1.0,27.9,1.2,2.5,65.4
2081,URY,Uruguay,LAC,1999,1999,Other,"Encuesta nacional sobre estado nutricional, prácticas de alimentación y anemia. Montevideo, Uruguay 1999",Historical Trend,Reanalyzed,2.2,0.3,11.6,3.4,7.2,75.3
2080,URY,Uruguay,LAC,2003,2003,Other,"Encuesta nacional sobre estado nutricional, prácticas de alimentación y anemia. Montevideo, Uruguay 2003",Historical Trend,Reanalyzed,2.1,0.3,13.0,4.0,8.2,72.5
2079,URY,Uruguay,LAC,2007,2007,Other,"Encuesta nacional sobre estado nutricional, prácticas de alimentación y anemia. Montevideo, Uruguay 2007",Historical Trend,Reanalyzed,2.0,0.2,9.8,1.9,6.5,79.6
2078,URY,Uruguay,LAC,2010-11,2011,Other,"Encuesta nacional sobre estado nutricional, prácticas de alimentación y anemia. Montevideo, Uruguay 2011",Historical Trend,Reanalyzed,0.8,0.2,10.0,1.5,6.2,81.2
1012,URY,Uruguay,LAC,2013-14,2013,Other,"Salud, Nutrición y Desarrollo en la Primera Infancia en Uruguay Primeros Resultados de la ENDIS",Historical Trend,Reanalyzed,0.9,0.1,4.3,0.6,9.5,84.6
1657,URY,Uruguay,LAC,2015-16,2016,Other,"Encuesta de Nutrición, Desarrollo Infantil y Salud 2015 (ENDIS), Uruguay",Historical Trend,Reanalyzed,0.6,0.2,9.9,0.7,9.6,79.0
3736,URY,Uruguay,LAC,2018,2018,Other,"Encuesta de Nutrición, Desarrollo Infantil y Salud (ENDIS), Tercera Ola Uruguay 2018",Latest Estimate,Reanalyzed,1.3,0.1,6.1,0.7,10.6,81.1
722,UZB,Uzbekistan,EECA,1996,1996,DHS,"Uzbekistan demographic and health survey 1996. Demographic and Health Surveys. Calverton, Maryland: Institute of Obstetrics and Gynecology and Macro International Inc., 1997",Historical Trend,Reanalyzed,12.1,1.9,25.6,9.7,8.4,42.3
723,UZB,Uzbekistan,EECA,2002,2002,SDHS,"Uzbekistan health examination survey 2002. Demographic and Health Surveys. Calverton, Maryland, USA: Analytical and Information Center, State Department of Statistics, and ORC Macro, 2004.",Historical Trend,Reanalyzed,8.4,0.6,17.8,6.6,4.4,62.2
724,UZB,Uzbekistan,EECA,2006,2006,MICS,"Uzbekistan multiple indicator cluster survey 2006, Final report. Tashkent, Uzbekistan: UNICEF, 2007 ",Historical Trend,Reanalyzed,3.8,0.6,14.8,4.2,8.0,68.6
2271,UZB,Uzbekistan,EECA,2017,2017,NNS,"Uzbekistan 2017 Nutrition Survey, Tashkent, Uzbekistan, UNICEF 2019",Historical Trend,Reanalyzed,1.6,0.2,9.5,1.1,3.5,84.1
4002,UZB,Uzbekistan,EECA,2021,2021,MICS,Uzbekistan multiple indicator cluster survey 2021-22,Latest Estimate,Reanalyzed,2.4,0.0,5.7,0.8,3.7,87.4
726,VUT,Vanuatu,EAP,2007-08,2008,MICS,"Vanuatu multiple indicator cluster survey 2007 (MICS). Final Report. Port Vila, Vanuatu: Ministry of Health, Government of Vanuatu, 2008",Historical Trend,Reanalyzed,5.0,0.9,22.3,2.4,2.3,67.0
727,VUT,Vanuatu,EAP,2013,2013,DHS-Style,"Vanuatu demographic and health survey 2013. Port Vila, Vanuatu, 2014.",Latest Estimate,Reanalyzed,3.6,1.1,25.9,1.8,3.1,64.4
750,VNM,Viet Nam,EAP,1992-93,1993,LSMS,"Viet Nam living standards survey 1992-93 (VNLSS). Washington, D.C.: The World Bank, 1998 ",Historical Trend,Reanalyzed,2.9,3.7,55.9,1.9,1.0,34.6
753,VNM,Viet Nam,EAP,1999,1999,NNS,"1999 Annual national nutrition monitoring. Nutrition Surveillance Department. Hanoi, Vietnam: National Institute of Nutrition, 2009",Historical Trend,Reanalyzed,6.3,4.6,38.2,1.0,0.8,49.1
3682,VNM,Viet Nam,EAP,2000,2000,NNS,"2000 Annual national nutrition monitoring. Nutrition Surveillance Department. Hanoi, Vietnam: National Institute of Nutrition",Historical Trend,Reanalyzed,6.7,4.0,36.8,1.3,1.1,50.2
754,VNM,Viet Nam,EAP,2000,2000,MICS,"Multiple indicator cluster survey Viet Nam, 2000. New York: UNICEF, 2004. Standard tables",Historical Trend,Reanalyzed,3.8,2.3,39.5,1.2,1.2,51.8
755,VNM,Viet Nam,EAP,2002,2002,NNS,"2002 Annual national nutrition monitoring. Nutrition Surveillance Department. Hanoi, Vietnam: National Institute of Nutrition, 2009",Historical Trend,Reanalyzed,6.2,2.7,33.5,1.3,1.3,55.0
756,VNM,Viet Nam,EAP,2003,2003,NNS,"2003 Annual national nutrition monitoring. Nutrition Surveillance Department. Hanoi, Vietnam: National Institute of Nutrition, 2009",Historical Trend,Reanalyzed,7.5,3.3,30.9,1.2,1.0,56.1
757,VNM,Viet Nam,EAP,2004,2004,NNS,"2004 Annual national nutrition monitoring. Nutrition Surveillance Department. Hanoi, Vietnam: National Institute of Nutrition, 2009",Historical Trend,Reanalyzed,7.8,3.3,29.1,1.3,1.4,57.1
758,VNM,Viet Nam,EAP,2005,2005,NNS,"2005 Annual national nutrition monitoring. Nutrition Surveillance Department. Hanoi, Vietnam: National Institute of Nutrition, 2009",Historical Trend,Reanalyzed,7.4,3.1,29.0,1.2,1.4,57.8
759,VNM,Viet Nam,EAP,2006,2006,NNS,"2006 Annual national nutrition monitoring. Nutrition Surveillance Department. Hanoi, Vietnam: National Institute of Nutrition, 2009",Historical Trend,Reanalyzed,6.9,2.9,27.6,1.2,1.9,59.4
760,VNM,Viet Nam,EAP,2007,2007,NNS,"2007 Annual national nutrition monitoring. Nutrition Surveillance Department. Hanoi, Vietnam: National Institute of Nutrition, 2009",Historical Trend,Reanalyzed,7.1,3.0,27.6,1.1,1.8,59.4
761,VNM,Viet Nam,EAP,2008,2008,NNS,"2008 Annual national nutrition monitoring. Nutrition Surveillance Department. Hanoi, Vietnam: National Institute of Nutrition, 2009",Historical Trend,Reanalyzed,7.1,2.4,27.2,1.2,1.8,60.4
763,VNM,Viet Nam,EAP,2010-11,2010,MICS,"Viet Nam multiple indicator cluster survey 2011 (MICS), final report. Ha Noi, Viet Nam, 2011 ",Latest Estimate,Reanalyzed,3.2,1.0,21.0,0.7,3.8,70.4
771,YEM,Yemen,MENA,1991-92,1991,DHS,"Yemen maternal and child health survey (YDMCHS). PAPCHILD Surveys. Sana, Republic of Yemen, 1992",Historical Trend,Reanalyzed,10.8,3.2,40.4,6.7,1.4,37.4
773,YEM,Yemen,MENA,1997,1997,DHS,"Yemen demographic and maternal and child health survey 1997. Demographic and Health Surveys. Central Statistical Organization. Sana'a, Yemen, 1998",Historical Trend,Reanalyzed,9.4,7.1,46.0,2.1,1.7,33.7
774,YEM,Yemen,MENA,2003,2003,PAPFAM,"The Yemen family health survey: Principal report. Pan Arab Project for Family Health. Cairo, Egypt: The Republic of Yemen Ministry of Health & Population, Central Statistical Organization an League of Arab States, 2004",Historical Trend,Reanalyzed,7.5,7.8,46.6,2.9,1.9,33.2
830,YEM,Yemen,MENA,2005-06,2005,Other,Yemen Household Budget Survey 2005-2006,Historical Trend,Reanalyzed,8.0,5.8,46.2,5.0,1.3,33.7
776,YEM,Yemen,MENA,2013,2013,DHS,"Yemen National Health and Demographic Survey 2013. Rockville, Maryland, USA: MOPHP, CSO, PAPFAM, and ICF International, 2014.",Historical Trend,Reanalyzed,9.7,6.7,38.4,1.4,1.1,42.8
9131,YEM,Yemen,MENA,2022-23,2022,MICS,"Yemen MICS multiple indicator cluster survey 2022-2023, survey findings report",Latest Estimate,Reanalyzed,8.5,8.4,39.4,0.8,0.7,42.3
777,ZMB,Zambia,ESA,1992,1992,DHS,"Zambia demographic and health survey 1992. Demographic and Health Surveys. Central Statistical Office. Lusaka, Zambia, 1993",Historical Trend,Reanalyzed,3.5,2.8,41.1,2.4,2.3,47.9
779,ZMB,Zambia,ESA,1996-97,1996,DHS,"Zambia demographic and health survey 1996. Demographic and Health Surveys. Calverton, Maryland: Central Statistical Office and Macro International Inc., 1997 ",Historical Trend,Reanalyzed,3.0,2.3,42.6,3.6,2.6,45.9
780,ZMB,Zambia,ESA,1999,1999,MICS,"Zambia 1999 multiple indicator cluster survey report: Report on the monitoring of the end of decade goals. Lusaka, Zambia, 2000",Historical Trend,Reanalyzed,3.2,1.9,45.9,11.4,2.5,35.1
781,ZMB,Zambia,ESA,2001-02,2002,DHS,"Zambia demographic and health survey 2001-2002. Demographic and Health Surveys. Calverton, Maryland, USA: Central Statistical Office, Central Board of Health, and ORC Macro, 2003",Historical Trend,Reanalyzed,4.1,2.2,46.7,3.7,2.2,41.3
782,ZMB,Zambia,ESA,2007,2007,DHS,"Zambia demographic and health survey 2007. Demographic and Health Surveys. Calverton, Maryland, USA: CSO and Macro International Inc., 2009",Historical Trend,Reanalyzed,4.5,1.1,39.4,5.3,3.2,46.6
783,ZMB,Zambia,ESA,2013-14,2013,DHS,"Zambia demographic and health Survey 2013-14. Demographic and Health Surveys. Rockville, Maryland, USA: Central Statistical Office, Ministry of Health, and ICF International, 2014.",Historical Trend,Reanalyzed,4.9,1.3,35.3,3.4,2.8,52.2
3300,ZMB,Zambia,ESA,2018-19,2018,DHS," Zambia Demographic and Health Survey 2018. Lusaka, Zambia, and Rockville, Maryland, USA: Zambia Statistics Agency, Ministry of Health, and ICF",Latest Estimate,Reanalyzed,3.2,1.0,31.1,2.5,2.7,59.4
785,ZWE,Zimbabwe,ESA,1988-89,1988,DHS,"Zimbabwe demographic and health survey, 1988. Demographic and Health Surveys. Harare, Zimbabwe, 1989",Historical Trend,Reanalyzed,1.1,0.6,28.9,1.5,3.9,64.0
786,ZWE,Zimbabwe,ESA,1994,1994,DHS,"Zimbabwe demographic and health survey 1994. Demographic and Health Surveys. Calverton, Maryland: Central Statistical Office and Macro International Inc., 1995",Historical Trend,Reanalyzed,4.7,1.7,24.7,2.4,5.0,61.4
787,ZWE,Zimbabwe,ESA,1999,1999,DHS,"Zimbabwe demographic and health survey 1999. Demographic and Health Surveys. Calverton, Maryland: Central Statistical Office and Macro International Inc., 2000",Historical Trend,Reanalyzed,7.5,0.8,27.2,5.8,4.7,54.0
788,ZWE,Zimbabwe,ESA,2005-06,2005,DHS,"Zimbabwe demographic and health survey 2005-06. Demographic and Health Surveys. Calverton, Maryland: CSO and Macro International Inc., 2007",Historical Trend,Reanalyzed,5.6,1.6,28.9,4.8,4.0,55.0
789,ZWE,Zimbabwe,ESA,2009,2009,MICS,"Zimbabwe multiple indicator monitoring survey (MIMS), 2009. Report August 2010. Harare, Zimbabwe: ZIMSTAT, 2010",Historical Trend,Reanalyzed,1.5,0.9,32.9,1.2,2.3,61.2
790,ZWE,Zimbabwe,ESA,2010-11,2010,DHS,"Zimbabwe demographic and health survey 2010-11. Demographic and Health Surveys. Calverton, Maryland: ZIMSTAT and ICF International Inc., 2012",Historical Trend,Reanalyzed,2.3,0.8,29.1,2.2,3.5,61.9
2879,ZWE,Zimbabwe,ESA,2012-13,2013,Other,"Zimbabwe Micronutrient Survey 2012 Results, 2012. Harare, Zimbabwe: MOHCC",Historical Trend,Reanalyzed,2.0,0.9,27.6,2.0,2.9,64.7
791,ZWE,Zimbabwe,ESA,2014,2014,MICS,"Zimbabwe Multiple Indicator Cluster Survey 2014, Final Report. Harare, Zimbabwe",Historical Trend,Reanalyzed,1.9,1.3,25.1,1.2,2.4,68.1
822,ZWE,Zimbabwe,ESA,2015,2015,DHS,"Zimbabwe Demographic and Health Survey 2015: Final Report. Rockville, Maryland, USA: Zimbabwe National Statistics Agency (ZIMSTAT) and ICF International.",Historical Trend,Reanalyzed,2.6,0.7,24.4,2.0,3.6,66.7
2445,ZWE,Zimbabwe,ESA,2019,2019,MICS,"Zimbabwe Multiple Indicator  Cluster Survey 2019, Survey Findings Report. Harare, Zimbabwe: ZIMSTAT and UNICEF",Latest Estimate,Reanalyzed,1.8,1.1,21.9,0.5,2.0,72.7
